{"version":80,"hash":{"type":"Buffer","data":"0zEKB1ohKUGPBs1WqbAN82H/uc32x4HyAPcxfh21Tzoy3Zw/ZwXRYwm6Pl0yoLMSv4+vbR4aLqW9yjYwoDpx/Cvb1byhLbBRTLTd6LN3c7k0mzvjW2lvFTKz9Ia+8CVuUChulImvzYW814IdqvVzq6OLqapB6f5A1bnLbiHIFc4="},"indexValueMap":{"AhVA5nIu1TcFWeB6TUNt0F+yJBTj/d/+HlEvYJcgx70=":{"valueMac":{"type":"Buffer","data":"hvYbeTLDTHuLHw0fk6/VnfVeBUOlGfzQsLDFcJ3sKyY="}},"A0Su6ZEEoIpIAknMkuToZQlvNRKhunqQV62lqescvQA=":{"valueMac":{"type":"Buffer","data":"lRJbil3381vuSKgS/oauOdQ/+UnkXoK3QeApuJJUZ2Y="}},"BBL33aclpGV+Ep3MQFnpFhUO17LOhV5020VTJuEp/MQ=":{"valueMac":{"type":"Buffer","data":"knCfD5X/x0UFca49t0K0QPEaf7s2h71YMnm4D8sKveE="}},"ByenIz706FNwKe+6WNDhHT60AFTmgAPtH9+IeVQqH5c=":{"valueMac":{"type":"Buffer","data":"Ciwk4kWUlBsJDx9e3zTUvTs8xNdCjSZ05ku3UpKrFEI="}},"CGHl22hO2c5qus188XDDMcK+6wza9WRgT5stawIMeFc=":{"valueMac":{"type":"Buffer","data":"KbXCpsT7q3oQ29bOLamQkVPNH0VL49TSvETczPp3zaM="}},"Dx/pRM4H73RxE4xMH7ciL+XuIXNWWH+gNhHEsMI4ZPU=":{"valueMac":{"type":"Buffer","data":"exefYj4vy+NqA2c2icA4H8xOQ0g7lQWXUGbz3vaaI94="}},"D02t2Ulz/rF2cR7wXP5XwbjLkcuJoPE6PBD6Z3Olza4=":{"valueMac":{"type":"Buffer","data":"hc+4lJZUA3Ab4o0FuJ0v4zvaJDVdtejFNTHqiztROOU="}},"ES7yy3PudqnaFHljty4DsZtCunVrKn4Q+7WpMp+oqsY=":{"valueMac":{"type":"Buffer","data":"WYm2JUoFz+N3MEHyyV7fVbz7G5zFqt3w1FeZPRVumqg="}},"Ez4u64wy6JyQEWAYyqj24Nq549YIz7xlXoNLcEXzgWo=":{"valueMac":{"type":"Buffer","data":"2UP1PVZdm17mrZe3A0gdGRejMJ3Wwb48qXTURiynbx4="}},"FAArjihAzbega6ZBpQK8Hf3pP5vAXF1yVUsaTFfYvpA=":{"valueMac":{"type":"Buffer","data":"0D7hxKJb1p6mgqcowZ3fTq8sjScDpAcOWVc+NkBXBmM="}},"FzvtM0I/XS1us89I/fpYsRSBrOwOAaOW/dlE7FvOGnQ=":{"valueMac":{"type":"Buffer","data":"NniAjei2g3CGiVXuz7ec3evG325nNMTtJJgg9VhCZus="}},"F5DJu613jDvwvkkSu4q6iJafnw8MpwEiZWxBmmk3Ais=":{"valueMac":{"type":"Buffer","data":"T3crgpNV0sEaTbbXLdi2uPZdwNkWeANx1Z5KvZm8A6c="}},"GBs0cGOx73eFL/RIcXMbvvxaHl3gLkPgmog/jfD4YOU=":{"valueMac":{"type":"Buffer","data":"O76a4bkj7ITvzyiZuIsuWiJcsZZwi285s3QyMWNujx8="}},"GVXlvJpMvHA7RNfVatuWUZKmJEvduxBf6j+hgp3hVLw=":{"valueMac":{"type":"Buffer","data":"JTJQOWSDxURBu/l/M+MY31k3dzXOMebVMdsDsLOXsXM="}},"Gl56gk3J7G38eArf++cbOmGV48Wc/KGD+BGBthKQhX4=":{"valueMac":{"type":"Buffer","data":"BxcruV78m8H0nWkSEoPEV9nyBKctDcgpgxJEO67e8Ys="}},"Gw5zG5FKlV7sHGB/jaJbl7eD2Zu+jNF9VnH27MjdEqM=":{"valueMac":{"type":"Buffer","data":"CF4/ZoIKVHIltEn3KlL0EQOIDBoEWnUcJB7Qholqlvs="}},"GydTLOh9Zd96O0+mffZZRyaXbN9Z1M832EAx13blgqI=":{"valueMac":{"type":"Buffer","data":"uMt8l1kA+79vH7de6P9r2Oe37P6ehDqgTgnHFliGo5w="}},"HoQwRpxe8GO7pnNlCmfIx4U+jLFSE0X2M5GIbNyF0co=":{"valueMac":{"type":"Buffer","data":"AsKTyE1A/ZsGkGB2N45Ss23qtbhAPvE6ZGe5p8LdUT0="}},"Ho36NVEoVtlRtOZhOxJTE6Gl+Ktkw+7thCZ97YLlaCY=":{"valueMac":{"type":"Buffer","data":"hPgP4S3svbM2D0YRdZ36Vlnkl/eaeAKnsUG3TCT9g48="}},"I7abPlApVWEMdiTe4s01i1cBWohWPZUrF6Xw9vQZ8FY=":{"valueMac":{"type":"Buffer","data":"JZS9SvudaYu8TRw3mef9OfJ34x5rEyzK1YIa1XsKC1M="}},"JqSXjGrFloH5hjQkK6lfNepYy3l+0pFz9pa1WU+E7o8=":{"valueMac":{"type":"Buffer","data":"HYyEQkFQSKF3WYNMDwKT7/aEsB1wWM4Mui1j/8IA3gI="}},"Jz/TIAynze/2RJoG8oTIcSAjDs6XPPJDW4TwvVB5cHc=":{"valueMac":{"type":"Buffer","data":"/p8gDbpmpNsQ+SXiVXHzVDXGDoVjacAQB/AdvzqXK7o="}},"J6WEo38uH7BhY0YlV5QcuwR05A7uCdLJxyAQxwk2hCc=":{"valueMac":{"type":"Buffer","data":"0O+HnrMChA3wMdNf2i0e0GJw8prUYpIhi0fIcWZpLmU="}},"KSvyTR6pnFOCYYVtlh389l0ieU6n3OI/J+AJ5tVX9TI=":{"valueMac":{"type":"Buffer","data":"BzVB/0lgdkiUyPMoANoSNUWbqQoslwB2tY4WEp7lfyk="}},"LiM7ROYpXjhSVHHRiKIMIon9Y/uR2RgOM2J3/mEK/iE=":{"valueMac":{"type":"Buffer","data":"2gPll9kWG1vGYLi5DmSxPBYAT2/+7NRPZU7BSrhjuFQ="}},"LuTYF1yoQDjB78wwJ0+bhwPXklbALQUb6uPy7bV/JlU=":{"valueMac":{"type":"Buffer","data":"TNosnXGHOYZo9jsolxLZmRhn7BwwXXF9CCm14d5/Xrs="}},"Lu50cg+C52u/vyLVQxYFREKYGdUQilitxMT7ZM6OnHw=":{"valueMac":{"type":"Buffer","data":"Q+unCs4nl4dIn2TZ6NTnGJ6VIqNufEkMgrxgTRlUu+k="}},"L5jD7ACyikjGeJ/IDU6MLT7DZfHl1Itp67BoLuqA244=":{"valueMac":{"type":"Buffer","data":"lApe1xFF7OiiDtwndt/ojWddgiUcvrSbp57735i5AAY="}},"L9po82wFv0wwjk8hOWXqJpO6dZ9pIpo+Zz0lRWWQ3CE=":{"valueMac":{"type":"Buffer","data":"IHBjTqiH0/LYuppNKEfV9BYwafPeDLf++P+A6LI2c/Y="}},"NKeIUpaGD/ziziCRMqaVZJDNkcIyyZLsUxLp77h2Kv8=":{"valueMac":{"type":"Buffer","data":"bFECqI/FMo0n8uQAMu2Cx5dq2g2ZuF0fu1WVbSjN5Jk="}},"NpSB6YtSR+FMMDaGH/sS3tbFg3/vTzg60UqcVjpJgqk=":{"valueMac":{"type":"Buffer","data":"JmkXSK4KFCfU8xwWW9ZuQjCNF8VPRlh1c+7bZ8m3z0c="}},"NvHVLQxSa43LgHiF4BX94aXbEBjZaUuOEJYj49J/NPo=":{"valueMac":{"type":"Buffer","data":"aGae+6PfGor1uDuUD4cw3rECQUiLHKmwhFqasNr+AAY="}},"N29EMWqNzltwve9tnZEghSEWm6pKdmjBd8Yna36QtDo=":{"valueMac":{"type":"Buffer","data":"QiCiufaZlfG6Jeo3pQiJRdRMfJhFTsBvadbMWhh614U="}},"OIl2MMu+maSPPmJdQUt3JMA5qHGIeOFTOM1C2b28Fdw=":{"valueMac":{"type":"Buffer","data":"qGgrytPFz6A7lbK2Onn194BMhqAYu4xUwlAMjMHYo9c="}},"PCwaOLir/orOcz8MvrlOF6pa+5aS73X5Pa+Sp0eBOds=":{"valueMac":{"type":"Buffer","data":"vhC1NtgKkYnw219rfNmTl0PQylGBEpr62yHNLfhGcCg="}},"PDE1kE0FTZhqLcrKcN5fUO9GZN8JpDMaYdP4f7qj924=":{"valueMac":{"type":"Buffer","data":"0Uc4eyiefqdkHOBrrq0UXUpC1nVVzTKwtBQBWH0WdxY="}},"PHWDf90NovcvLYd2Bzx1alVG/J7kLwyN9B5WAQTH9UU=":{"valueMac":{"type":"Buffer","data":"OsbEnDlVUWDr8TldojMp7YcYMhbiabTsuad/kaVUwEA="}},"PIpLHZxA6EwrhNjKwnT9fF0tVeOgsXu7RxG6aQ4oj84=":{"valueMac":{"type":"Buffer","data":"Ezf5Z6AOSm8EoSilvzOFuowW8qINN4C2bLv05QacaQU="}},"PW9jHPta+JBApqWuf2gvuZxkIXWtAUUAtqRI6QP3YEs=":{"valueMac":{"type":"Buffer","data":"Hzd7oa0FNVrTZTZG21aZaysps/vmHIHBA3WF3s4OUbA="}},"PyF2Q+HT+JIT05RUibMiYf0TeQ23XM1Rtwwp4NwvdcY=":{"valueMac":{"type":"Buffer","data":"+pKyqn96DRdmo+NqTpf9aUa0guh2pm4UCgOJb9pvgSE="}},"QHdH6eEajlyMMoALtzf37v9XUnz4rMfxIPJBgS7YkDc=":{"valueMac":{"type":"Buffer","data":"Exczt9kW7QNHMh/Yp+sKs21gcytty1LxaBSixysbBdk="}},"QjGHEEN7fOck+C5eq1YSEtzZ/1t98WnQFXy20aYQlNg=":{"valueMac":{"type":"Buffer","data":"rKb6VFeTMzk3fWerF0tiVq5MX0x5qTPBeFQBUpRn0Mc="}},"RGmiZI5nqTjzzbbQJ8FqcUMKdCCg5HZHr13APueMG2c=":{"valueMac":{"type":"Buffer","data":"w4CecM5eVdIJKyYKesFK6ODdYfPDX/VnWdaM7Pp4f2g="}},"RZg4YZILFg+SrU80j7fJsaeSgROqyAzvB+c6B5Jnv9o=":{"valueMac":{"type":"Buffer","data":"UA+IieS1OPnJhSLovV7Lvy7K41bNy9ZOiBV/Z0wqs4g="}},"SHyHP2iSLjg5j/d8qappdV41mUvuNPHQRhwXUO4iN6s=":{"valueMac":{"type":"Buffer","data":"WiNo37wHup9YBMgVymcXLCMH/7emOTX68k28QkRsNss="}},"StC4gv0zuqyYvplKtOTMf3/fEAP03VURgU5Omd9UNgY=":{"valueMac":{"type":"Buffer","data":"E5qV/RjRSbwjNjr+iE1pJvLblGVXERC6QLzu9nqYer0="}},"SujPq5NcvV+fSLFg/CFJ/Anm+6o4Aq+oTdyn8zSUHh0=":{"valueMac":{"type":"Buffer","data":"UP9gkTqwUzCcFTanam2f++JcTtWX2ojEMyteHks8R08="}},"S3cwxLG/4ZpLnOVKrpxody+xbXTGsLNVdchYoBnUktA=":{"valueMac":{"type":"Buffer","data":"GyK3R3OqOzFiQeeT19JurR22Th6f5Y1fJAte9mhtkcI="}},"TFUsGGrmcn3uIQNGsA1PHySW3cdqJMErnaB5Uu24AB8=":{"valueMac":{"type":"Buffer","data":"uQdKekG7JMub4iZb7F3RdY6todXN9AVK1HoO/Y/Nr9o="}},"TXAk7Qqpw6OTRO+o/sEmD+XrbwjxPEEbT++DP4mH3qE=":{"valueMac":{"type":"Buffer","data":"DykDNoM5mWl8rplQff4iykPfvmw2HsHi2OB45vZ7EhA="}},"Tk9av5/gAwq9EjuJYJLRUm1hlFrmIV/CD9Ki/pNMlkk=":{"valueMac":{"type":"Buffer","data":"NfcR4eDHHZb0nRzfC8NklCgNVGM9mkE+E/2/8aBxaro="}},"VCsuZZDKkEIwJgOKWytmfhg9INYjwwWgRryaXSK0z7A=":{"valueMac":{"type":"Buffer","data":"1Pm2U4VVN+h7i0x4yQWwq73zeGg51aXLuwO+X76WjtY="}},"VwmqDjFxZPhQHoCMVXtkqroyb3JtpT3ybUNTeZ3kW5o=":{"valueMac":{"type":"Buffer","data":"w5nuGZBCw1+oEwjopkMSd94ns2s7nHsBox9b/IrM8tU="}},"WTsaIDaRARDWZd4PH6hHqKmM9BVvAwKa78WGBzmkrhY=":{"valueMac":{"type":"Buffer","data":"U0iH/0semdVyncOV3S/7ROvDWIC0WaZEIjI6hNL7jLs="}},"WbH19kReJg+hu9Bo3LotS+zOVqVr9quijP9t3lugJL8=":{"valueMac":{"type":"Buffer","data":"XmMBBBmwlSKUike+hTkZ6SRqCZkV8dO4r6cVmqh0/tg="}},"WufeGHHsSHiw2rX0cYyT/UdB2TlH/lkFdyqzS+3JkOk=":{"valueMac":{"type":"Buffer","data":"21jQqY9mxQ7c+KDxhJiftaNUBXRCU/syqO5cAr7+0MU="}},"Xvw3GzS8MLPVulqsr/LsfWAFi+0wONoiokk0pd4iUGI=":{"valueMac":{"type":"Buffer","data":"CBP3mjlxEDoWCr0p3U/YtgzbziRQP5QRQaQqfttJUkY="}},"YaWvySJlTp1/M4VxtuY8+WRPxGP6ofCvoT4WbButba0=":{"valueMac":{"type":"Buffer","data":"J3tdoCdVQLWG72PZEGbFU3ttDfqSVZDsgjYaDEbpayY="}},"YtZ6bI0roM+5xXHP1t8YiJCyI+djxjtzsWu92uDajGU=":{"valueMac":{"type":"Buffer","data":"a0HeguyPs7avl8o0txVnN56Ns7VZrpDdl03IX0WkDK8="}},"Y5dooQv3I2HBvWW6PaDeJY0zE+HTK4yrsumkBv7umQM=":{"valueMac":{"type":"Buffer","data":"24eObAbyo83013W+F1K39RL+15+HOCd84er1jjhyGBY="}},"apEEvx8Am4tG51wkI6bqLOeAUQN9xp9N+rR5zPA/MX8=":{"valueMac":{"type":"Buffer","data":"7Qzg79rbJVQUfIx7OWzXKWCM7WQ2j2n5/9bl8xzQ7Fs="}},"cO0UGZlKlMWgvqBJgZBLrzZpOV1GFMToMtyC6qBhqa8=":{"valueMac":{"type":"Buffer","data":"li6AfmK2KkagXTHgIoQFVkplVYCOsh4+bbmjqL0LrJo="}},"eKTLJJcqVGBL3JvJY9yO4YR7/4sVT7i4Jcj4g9ACT9I=":{"valueMac":{"type":"Buffer","data":"x2zrTVcOygWpT76fxxYyKZjn8eqnVyg9To8Xnkvzc7k="}},"eOSZTt/xzASdZhHXRRMYLF9qoxy5JbsqMblhJLjKybw=":{"valueMac":{"type":"Buffer","data":"4T8GnRo30RI758B1479U7C7BDwT1i/JIw3DX5M2YpTY="}},"eY/mjJnryVU5P7Az7pxKGta64Sg/Q/XJBPSezbgac0Y=":{"valueMac":{"type":"Buffer","data":"kvq7jv+7mtkXSmWwjeaK44yfOpawwjtHm4XBCyUW2Rc="}},"ekHAkvZk82t3e6+Bc/whX1sTiC3hyK7Ps8UU2zZMCgs=":{"valueMac":{"type":"Buffer","data":"PNWu/3inKh9R4hCMDiQ/mjVatAn2caPXed7wPrDYSmk="}},"ekl+j3B/p9xQk5furbf1BSrsvoW3HpBJyCeZp+WrY+g=":{"valueMac":{"type":"Buffer","data":"/uoWFxE2yy0olTrMbNBRrRD2rCXKaggEuuoQX1iezHc="}},"enLL637uzvhvndCR1Hb2WrbQtgMzBHYkQ989YALIgk4=":{"valueMac":{"type":"Buffer","data":"CMZKODB4d6bopTDP8HHuiR/MJ7Y73J092xhXm2gSels="}},"eslsOqEqhG7KFUndHcE95+DyALGaezSe1S2bUmpacpc=":{"valueMac":{"type":"Buffer","data":"mSoGSxT4IHtqxmr0gFR3M0dGkITj7JmB7CNYRgra4/M="}},"e9lPraMnQSX8kQuCAunsSBi4C+cI6EQVG6I4F/2hFCA=":{"valueMac":{"type":"Buffer","data":"MEth3Lt8uyG3BRl/c9kwI8mp4mbEVUl+VMJWXEPpUJ8="}},"fRSAKZX/o0S84GA1sdNQkFXcvXhsDc6FJ/pFsZmhv4w=":{"valueMac":{"type":"Buffer","data":"PsgZny59J2MA/Rkj5/r/dCGud/AWipnAId5vUXDXkVw="}},"faiA7eyAIpHecDJQvWbTdzEWbIWLb6V07qDFVKlN9Q8=":{"valueMac":{"type":"Buffer","data":"C8UJGOyiydLxHKKJvo7o/BWqodq0xJp/wR7K3HCuExk="}},"feJzQoIBv3io2zNuEjOwKh7MAk5afERyJ8yOnmMZ4Qk=":{"valueMac":{"type":"Buffer","data":"Bw/SI1dhtjEtGWM0n+1BV4+w6UaXpFts0sbT0BhZDBY="}},"fglU6fhPPR75sCDRNbcTith45uyZTs6lK2VEu6c+Nxo=":{"valueMac":{"type":"Buffer","data":"F+38G2HE4P2D4R1AiO//mHMAi1m4rph9ahMtQqI1VRE="}},"f/vP5ruTjMhfw32YsqXkE2btHi9oRmXFVtxqqMP8SnI=":{"valueMac":{"type":"Buffer","data":"oa7oYnGVi4M0DBZQxJYFdbYZuO05E07SSn7fHXcElpU="}},"gK94rycgEccrdvsf1QaIiwGCU7ghZxBm7DocRW1LENw=":{"valueMac":{"type":"Buffer","data":"8BNh/WsI10xkIFDA0TG3er79bld6+HTcfMPsdvZ1GGs="}},"g+HwKFSg1IYGuVqZlihcpguAw+92s4y88g6dpDwN+n4=":{"valueMac":{"type":"Buffer","data":"E2kVVb9H2lMcMaF3TP8m9gjAAUMDBGdpjzPBcy1ow2c="}},"hvO2mVrnh25kr9POgmnNxkTq2zNXmCXlOkqMy9y9AA8=":{"valueMac":{"type":"Buffer","data":"ZebbxcoLkX1lGeZDiF7s2aKAmDCB6aDoLwulAsaIP0I="}},"igbHK5y4zbcUoY0q0grhr3q1XAUxhvo9T51Alcr7eqM=":{"valueMac":{"type":"Buffer","data":"29tz/w4MMku1FkT8Vlm7B9U4giDl4ZX/Q6lgT6woxjk="}},"iiPG9GhBLreUY8emnRViMxKCkU8Pn5lOCo2/fevysj8=":{"valueMac":{"type":"Buffer","data":"Jc91myTSzI1kpWLghkPW8HdY2eoqP1O0gs0vOVnDAhg="}},"iqLUoIZ5BaTT6pbrAlWL7KzWb7x/KD/puzBqu7xcrrg=":{"valueMac":{"type":"Buffer","data":"uuIsG2GaNhTta+FOmGTAq9FtBsYp8jlanvXxFfwLtx4="}},"isVggaPceoI7W0eD+57jmOGhINOBHx45QfmpXHB/iQo=":{"valueMac":{"type":"Buffer","data":"eTjlslQ/D6X+HFmFHWQLYTgBj4M1XvYAlX3Hyz4cRAM="}},"i6GtOjA+ec37VacJ57f3l78eFIqeEqR4np7B7UpLHKY=":{"valueMac":{"type":"Buffer","data":"J1AB5IP6NnTz+FC39HinXCOjgpko1kX0320gVZNClRc="}},"jRGDFcVgzVDJZnQ39C5ut/S5c4q8efYaOYgBtQi4Pr8=":{"valueMac":{"type":"Buffer","data":"XRQFtXqejrg1Av3t30LG4g3rQt4DIIzES5mSfCk22Xo="}},"jf9jQwPLZm1l8kj/7A1Xhl2JCGFQEBZb02om5ba7YSU=":{"valueMac":{"type":"Buffer","data":"RFh1hbC7K/lYz1vkW0YVPdtHoKHgL6VTm60JHWvXywI="}},"j0NxFMDJ9FpuAGqoGdCpRaBs1C+A2bjIy6Jzi+D4ZRU=":{"valueMac":{"type":"Buffer","data":"u7RJM++hRw1MyW0qvsyLpDBMDfRrWz7OHQAGVm7TL08="}},"lWjx+jFn/z0t10AQvxQ15++37tXRei6F51YU6o5SwCM=":{"valueMac":{"type":"Buffer","data":"FfcCUrtm5eFVWQrT89aLA/6WWlYn6CzlLSDa0/DnwdU="}},"lqw99Tkbq8SDQ3YMvuc8i94pCy4pdZC1IDoPZPX/RYo=":{"valueMac":{"type":"Buffer","data":"A8DLxHwccBt81za8Z3DVMUnK2CgzKo2ck1bh96PaL3Q="}},"nDsMYILtKsm3FUA3zfcaYZCF+ldDzKjoQUL3D4ReNyc=":{"valueMac":{"type":"Buffer","data":"TIYPG4xMvK7/igUDb4FbLwdyPSOQ3g06xkCAzkvA5y4="}},"nuOaGGOPrqbz8pQXiWZBQfK54CH0JTaHqeKMLgXuoyY=":{"valueMac":{"type":"Buffer","data":"3lIMGWditrO2JEy9VgUrNYelGJBFqO1DPeU9GhwYB1k="}},"qSlz59KWhl0jKL9t8/lVpN4tB31Ry+knpLv//PJowXE=":{"valueMac":{"type":"Buffer","data":"/5Bs01Pj7gfhW0pfGmqSC4cIMRUQzs4MNFB/HvuY1fo="}},"qjjrz2o4SeTy2ffUliPmFGCYzP5HKFClrFLhJL2SVr4=":{"valueMac":{"type":"Buffer","data":"by4N/IPTS74S09Rqbnvn9XJY5WcyIuwN2cKqWAU2IvE="}},"qpCKL4Q1A5EQxJUXVllwgrWZZdbfk/M4cEnSqj0wuEA=":{"valueMac":{"type":"Buffer","data":"1Sx6xw9vSv7NlDSlVR3n2sPgSa/LGtEzccPCr3zEAPw="}},"q+6T3qzu7Guqk8TT4M8LCsehrMNE9tkWl/8/hCp3sik=":{"valueMac":{"type":"Buffer","data":"3BDwCT+UHO6ognKLafMhzhycA1CkMt8k2N2FJ4sVw3k="}},"rRvx1jPa8bT3bDMRyEO9mxCEYx9wGfJpAFZ/gvVMWbE=":{"valueMac":{"type":"Buffer","data":"BNC3LuUWwK1TTVZIDa7S5NvOlqOn3tplkE7GVVf2Yn8="}},"rbqKrnnUNfS9MJdg8WxHDGGlRh3WqUHJ1BpXbAnFiYw=":{"valueMac":{"type":"Buffer","data":"qvoMT+RX1eJrV/qDz1IUk10IRoXSlEVzAWFwEw/3MJc="}},"sSIdgFoRCXVcmWAl+cDHkmSakZdxfYzw8JSycc3jwTM=":{"valueMac":{"type":"Buffer","data":"TJUlQoFKdo6sLpOL9ZT80wlrSehNxZe5Bi1+vFuFPOo="}},"sW7+2YelxecMo4Vv3wZD6Qxy//AaZGMUhjG5uHJzRfE=":{"valueMac":{"type":"Buffer","data":"ctSdk/RIrccImKyZuv5FGend68VhjQ3sUXTPyWTs9Q0="}},"sl2hvDLIde88psQI4AGF6zqAVd7k7GhCf9QGKH2u9pI=":{"valueMac":{"type":"Buffer","data":"sUgC2mAu7EqlUqxzAdquvJ5DoYbBRVJnnz2az4Yb8yo="}},"sqqanzxaneP7f2bL5bSUfdam3My5QgYfqB+JMpmlihA=":{"valueMac":{"type":"Buffer","data":"JWcEMDW9zDos5A0KRh6n9bYI++DX1DCOJRVCvVYVRUE="}},"tT/EMaKLBGaX0mdNQElYwHaYWAXUtkUhIMMJpme66x8=":{"valueMac":{"type":"Buffer","data":"D5d3cXsE+5Cwwgt3v1UJUFgfOcdAajjYvDvBFU5tox8="}},"uPy5QNFaai71JOsMORgVjNZQ7JvNaXFesSqv8DY+h/E=":{"valueMac":{"type":"Buffer","data":"9R3IOCu/rCjJCERPpRBYyktfNWyMS31r+xcZKi5U5Pc="}},"uUMr36Ya2R63RbC2IyYeYYjai37M8ADR7t164saoOzo=":{"valueMac":{"type":"Buffer","data":"Hx+M5gOnXoUn5h2vXvZmy4rijgDbWi1RsXYM1m1LCgg="}},"uaP2VE+It/ujk5ixh48icvxdcWHDfRisoANiXOarjiM=":{"valueMac":{"type":"Buffer","data":"CMMnLRnNyS5nn5bQeoBM8euQ8g0fg0+NM6e//PQhJ+Q="}},"uf5B64NomuHLgJj5jak2X2SP/0GiE4zJNAltBJ3x0QM=":{"valueMac":{"type":"Buffer","data":"qzWxkVJSHQs8bxxthL5tjWc09YoSvEWHhV8OlDxnLpY="}},"vIsnsp8ikOsZt9MPykO79I2WdmcIK5nDRWJyE4pPXC4=":{"valueMac":{"type":"Buffer","data":"s27M8daIglIAWP/Q0UBmy9XMB4tx4t9Wxy3E55xeGNo="}},"v7ecvYas1EL5EOhdgSEWOOEXVkQveWYboY6N/Xutm6E=":{"valueMac":{"type":"Buffer","data":"hmsJmAHQCj8t5gx6fesbNM9gWQBCZBq627FPueiZnrg="}},"v+oC0AnJk8WaIxS4gFqx/Qb1oZ5hjT95IChxAZ97Nms=":{"valueMac":{"type":"Buffer","data":"8cLmnU1QafQ9kuycjNTPvi2wTcHWxsiunLerv8NuQZw="}},"wo+tKVc5GStxAOjrlcC/zT1mjXOSE9Zcq2GvLQ5C9i8=":{"valueMac":{"type":"Buffer","data":"jVKKvijdU1OI+/00L0Jmtc+1IVYwyJ2hTUI3nojiY58="}},"wtxZ8ztud9JjYbLLw2TZcL5KPDCk/YEDAxnYPZ/luqc=":{"valueMac":{"type":"Buffer","data":"YGySFPUF34MCKwObnKgG5egKbk7jbVLk50IBcF2iVew="}},"w/883rfYO+csmL2iTUCwb5zWCwMlY1VhGaEIO69aAAo=":{"valueMac":{"type":"Buffer","data":"WrFRjOD5pG5U53BmbJwYCRc2qpQzE5/PBeYbrCEaJKM="}},"xaAVDb8B+BojWhUq+MpHF5PqZYmTE3FhAE5pVEV2k8U=":{"valueMac":{"type":"Buffer","data":"oNaXrSAqMGeXtdNULeKKB0vNcH0mEZdvOtut0gO6b/s="}},"yg7BBhb0b2TjERbDbjAAG/3ms2bj1Y1gFDeyrt/CLZc=":{"valueMac":{"type":"Buffer","data":"fAvsn+ivsxJxElTPXVAwO5qVgpglFBFZ6QAZKa9apbw="}},"ymlDRInLnNMisJ0rXm2LmsId/JA6Um56A6sKla7jklI=":{"valueMac":{"type":"Buffer","data":"bx0JhR+9U7YbiOMFSoZoDFlJ9qCi80KxyTwGpWJFRb4="}},"zR3T8+Tzt9IWasaN/cK7RilRtc3QPM4Iym3boLOd7OY=":{"valueMac":{"type":"Buffer","data":"sp4hOpimwJaCATktNPa2u1NhoWtJXR8+7stzuG2FQvk="}},"zu6ScQaGU0varGnAfXUMQoQEOYuyvPaIY7795t/S/Bc=":{"valueMac":{"type":"Buffer","data":"2RUJsRblNFkxGMwrmWf0bLSTLJsV5Fj0NjC7WJmVFcQ="}},"0DwExwbVQmdtjS9p7hQe1Az3mx47iFNOSb0CCjcRiu8=":{"valueMac":{"type":"Buffer","data":"ayWcWzUism6Ca/NGFy36w/VPmWhJu1yecoq2kMrX8hY="}},"0kuCljdXhLtLc5/twVlKH4rgMDww6Pl1+d0b7XHI/wA=":{"valueMac":{"type":"Buffer","data":"4gCMNV5VSt9Z+n/0CiNHUreaWtys+nhqvU+aWlr9ayo="}},"0xnoWyNSxiZYv1E2R9EJgNkTfrHLDvUJgSSoNpXcKc4=":{"valueMac":{"type":"Buffer","data":"3gBXLSoALxyEvHbG+5JgBIgiPccP6I3oAEktUPcB884="}},"1GbhNGVIknwwvNIwFMWOWI2T0dsEv3GbtUoWC6iEcdM=":{"valueMac":{"type":"Buffer","data":"MAEmePHV+xHwUNLHpG1JnKlHLKmPA88474dkaQL5QZ8="}},"1QYJOuoDopNB9BooE+DgHWsweEJz2V74DAR3ydrclpA=":{"valueMac":{"type":"Buffer","data":"sTgc+vmDnWlWW2iIvJLChd3eJQZWk/P8Wb7vogw6cSM="}},"1adZjSzwHpd2EYmX6Ob9XpJctlrOeUqqzK14bgDPFtI=":{"valueMac":{"type":"Buffer","data":"RCKlrG+jRmxScNxzBIgYdilPSXRNKXsM+6msehwH1GA="}},"1tAEL/UqWiHMlAATPbq1xhov8mVATR/xcMu4im1m5f4=":{"valueMac":{"type":"Buffer","data":"rGSJG7vT8QoH6n5GDa3W8csSthdsa3/ByzYC3EwSr/Y="}},"180aNgSpKlkxqeh2owc2ffWKYwVi++AwCH8TZWcCiuI=":{"valueMac":{"type":"Buffer","data":"PWjFcqmSzy7sOFMH5KCbyms7A8JugRQiXfsdF/rJ9Ig="}},"2yb0aJfOI386ti/DC8Pv9Obaq4TSTRCrW7PtXagwIxc=":{"valueMac":{"type":"Buffer","data":"jvl4zrUC7FS+NhpKDnkAALJyms2svrL+jqmo3bUpxms="}},"2391xFffz13WLUM0FZNTMtCEmGZnPoc5cTCLvDyLeGY=":{"valueMac":{"type":"Buffer","data":"iHYOIYRNaOXnnO6HCzeHRcq1oPY3rlxEwlDWaeS08S8="}},"3Ayyxkj3FjOzv6rHdMco86Yq7QHddPE1jiJXN+2YJMg=":{"valueMac":{"type":"Buffer","data":"T0OHohVuyEbvI1k5ctWQDjG7XIyoTMRG7b8Y7f1zn1Q="}},"3yTIiR7kE81uLFgGNXJbdOWy/S19VmW1rIEojfn0HQg=":{"valueMac":{"type":"Buffer","data":"fvO5GJdkCtENacu7XHNfsRC/0q3It3lPnybaOsWzy50="}},"4vaAd0ZkeZt6PN3DSYL/HoceVf+S/wxuxPELkRLUGAQ=":{"valueMac":{"type":"Buffer","data":"xEHp15t0QmNB3Ziwg20/2lEvtiLY0YdQlOHC5bQib0w="}},"405x8GH5Kd6EroDk2OKfkcv8hK3ZaA8Lvy/dfoWNn2c=":{"valueMac":{"type":"Buffer","data":"xX2FrDAFTEJjIUzUBCDDk9e5/EpDUjycw8YiND9p8jI="}},"5/i5SDXj1E5vThQFNZ6fVAe2X4hzhp/711J84P2MrDk=":{"valueMac":{"type":"Buffer","data":"2c3c/zwkcRzW4Q/V2V+4JkEXosGGJ28Qop3trhTH7rQ="}},"6orpwZIZe9jGfzMWTxRcT3ABlNypKQqzs30lhu1NAdk=":{"valueMac":{"type":"Buffer","data":"Bi3J1ZgsxEd9dkISKKL4Lb8A0pttsgaXoXosbeE3BbE="}},"72BAnvI4xFen+nxATT8F78LuMHFnyYnBi1wQRHqxsmQ=":{"valueMac":{"type":"Buffer","data":"pcW/DCjVvHJVQJUJPMmIqPPtDk8qY1YdLWKPnQP4PNg="}},"8B1ZIyvTbKlYMSKoSMA3uL0BDO55QTK1QSVwAciArqo=":{"valueMac":{"type":"Buffer","data":"bmucG1WI5m+n60C8RA+Xum9CQU7aOfKR1yVSIuE91Zc="}},"8jovSOQuzE55d1ivcXiqZrridcWtnBNyMM1x3UWrAxw=":{"valueMac":{"type":"Buffer","data":"duWyGB6pXvL5alvKV8lRK0d41bBRzfWHeidx70KHN6s="}},"8k+faSfyrVNfQtrn5kr7J/fT/VGdqhyFWYGU0cSrFf0=":{"valueMac":{"type":"Buffer","data":"q8OtmANGPT4aWH0HUteh48Yv8afesgNmeNb8a5uxh8g="}},"9ymuuUdBj5VPCozK61jrm5bWTWxin8qYIDQghxB6LaA=":{"valueMac":{"type":"Buffer","data":"/R7RpMg2NfPCs3LnpROUf5Dr7jE30fW+BCxhMuJFq6w="}},"+aeN2OBmvCFgccC8BDqNyu3Dqm0TTGSYMrdH0nMcRC4=":{"valueMac":{"type":"Buffer","data":"d6p2uwHZNeJk6mW4zG43REpCM6+y0f40ej5fwIfW0Sc="}},"/C4DdvnvJqcMgJJPeHbEwGLRPhDDdN6eNgMcJwOYm1s=":{"valueMac":{"type":"Buffer","data":"3mBu5UEMsR5mG6+U2AF7awEpAHdFQFA4Ou8G+D6xZV4="}},"/x+/YzIMOJ05QB1bZuANTExerlmNEbo7QpF8fGhuQIQ=":{"valueMac":{"type":"Buffer","data":"9JtICfBmSKoHYvPqYNBdYLLgebavsZ7/Z3y6KxQ4yug="}},"/8tVhAOWf1Np4ZCwJTBKiXwrhmn8ea3MkN+AhXYw8GM=":{"valueMac":{"type":"Buffer","data":"FHOYDn4H+j8UsuqSrfd0KN3Nhvvq+m0EL4MXipd5RKc="}}}}