{"version":92,"hash":{"type":"Buffer","data":"XEEpmjTTfxINv2weXBX5v0wf1L17fnfFQO9n+UnFNybKaGH2+1Uy2mYtO85qX+270tAVDSBSuzBt6GqmT/10bI/Y0ztmuorLa6WbP9ulPSAZj6s+d4wo9ltkZXwMKyDsjRXz4vUE64tgkQgOkdXkPps7dsDGgwsunm4NFr1V2xs="},"indexValueMap":{"AfeRAmHM7ayubisoUanCySThKKAnQVBmLO+sLkGYCQ8=":{"valueMac":{"type":"Buffer","data":"lVyLvD2NbCpbvIjKxsaizW6gW/uum6aonGnLZaRaukI="}},"Bc1LvrkGdBcI0UFJSn9n7kH7/JyZKEFb7PxTiot+ONQ=":{"valueMac":{"type":"Buffer","data":"98iWzAt9fOJjv8IuhMssjvyb7FUO1vkKpr/nqi1ipAc="}},"BdDNnaKdFsXtMdkZvhtyqqlxo7TKGsiGITUekvh6Zmo=":{"valueMac":{"type":"Buffer","data":"qKOXhI3LHLA6UVDKVc0xajRFHt/etwmSwVjhDjK/r0U="}},"BmY/v5gJS4etnprBWlwjJlOuNUcsK99Typf8NDjgx+Y=":{"valueMac":{"type":"Buffer","data":"GEJr+ruFVZkuCZqQ5qMmuE7ka2IYc8/RtCFxM+anEkA="}},"CPXow3t785cdGjUrL1yShtFoUfmLA8GZSb4ssG5p7Ws=":{"valueMac":{"type":"Buffer","data":"Cg7SjwOSH2wJCHG6vsYOnYPrYVexxAOYT9X5fpq4v2E="}},"DQMTM+9ZaQTyUA/X7Rbw0lMGpZPamJpwBYn2LfYAJXc=":{"valueMac":{"type":"Buffer","data":"1ih/x3qgm8Nwyc0fi/9G8W2ElwK0kNFxzQiFATOxQZQ="}},"DvBF/MMZB1MBk3vBE0VW0PdxfTS+JmjudQ9e1ML4Oj8=":{"valueMac":{"type":"Buffer","data":"NBq6CLm7c3RiSmpRTMJfGKEfC97kqspAAYBPRxcbPBU="}},"D8fcHFqJ9itBlVzzCoMc2KXNezs2/HyoTXa6ccPAdjY=":{"valueMac":{"type":"Buffer","data":"bevkuZskhq90vanJXeL83WEjjj37H8eFHRv/TBtJDxQ="}},"ELlUB/LkS1SlxaLwllJ2xship9aFiRh7m0T7/Dab2vU=":{"valueMac":{"type":"Buffer","data":"z3FvAMeTgrctdHKj6aqjmb8E0tS8VGRSi1xXSYfItow="}},"Fibn3rjDj0OeayQsCv8iDrW4szFMRJrNQkM2Wdcp+Jc=":{"valueMac":{"type":"Buffer","data":"riOCrJpRiXIBcaq5m8JMhkJ11XqPv2/p3SuIrOcyzSc="}},"GIDjKnlJuDgwQAL+EAIldqFDzcFS2FtCXcttMTGCRdw=":{"valueMac":{"type":"Buffer","data":"7gi92vaYbmUu6wA6iouTwKjNsRfK/yA+ZBibniz7KdI="}},"GsXRnubBowQudhzxGQu2ZhQvtkTBGzzZXjO5OnPHz4o=":{"valueMac":{"type":"Buffer","data":"6e+4Azl34O8bEflu/OYnJE3Dv2YVmgxfT7aZNUcCyJs="}},"Gwb813vOU+SYEAFgpjsZ+/KcZKx2bV1yqtyIR4S8aCs=":{"valueMac":{"type":"Buffer","data":"1mvNUuVsDvx3j2U4ouFyEr0EaSHcxFauP9aJmqg/dlk="}},"G4VXRGmuxB3hvBwBbyIqQbjBgnbpZ5lHg7VxhN4c5Ck=":{"valueMac":{"type":"Buffer","data":"Aun8Xgq2hxLKTYebplqs13ZQts0C2IszqcctV4U0DTg="}},"HdEGbTCShN8GaDzLja0MR4xi34PszU1K6NvJTzdec30=":{"valueMac":{"type":"Buffer","data":"kYMOVfhB6lmN/+Q0fLBjp6KJQfDTG2CGFF3rzaM4k8o="}},"Hei3Z7AUdYTII9jRpnptLuO466xFzpdxQ2dh4fCzyPY=":{"valueMac":{"type":"Buffer","data":"0rV46Yms38LlOqJllu0yE89la+l3/WGoBxlkeG34+8w="}},"Hmhdom0w9VSHNkFCY2FZQjOq2/3bYDeT9vpsMNlJ8+g=":{"valueMac":{"type":"Buffer","data":"J4N4DsNiI/Bx1jnqDO7qOVVl1rAQgZIe1RXSSSyLYbc="}},"HpugfCjN+bihDUEsriscsVmm4nQs+vDr6SFK0ClDe2g=":{"valueMac":{"type":"Buffer","data":"4tzKhn66v8T0Q5lVpnJbG/yVBIzT5V2N4SYaHgWzK1Y="}},"H+pfwLcAkPQMVurTl+gjKFjsls4rtJlxOGac9iqKfVc=":{"valueMac":{"type":"Buffer","data":"FwH3PM3utsLxpZnXbIbXQDVFR1ItAWyLkWBV/Fv/Fm0="}},"ICt7ayguY3FR7RcD6tEmvU7Z+s4eKWnMp+waDYq4uZQ=":{"valueMac":{"type":"Buffer","data":"r06obqEq+OQ8XDvRa5KMbo1qWgG4rt6YxQFvl7N8wF8="}},"JQ56J+qVoKeTz39PnVBJ4v+B5bjS+cfCtKnnpKdN1AY=":{"valueMac":{"type":"Buffer","data":"saZFAJxGKBu6DwPBUuLz3VmxXTXyf9iNTL9ooURdCL0="}},"JZ7b6LjovuIUUhoxB63W7HTHTbCuJPtbP8CPFlara5M=":{"valueMac":{"type":"Buffer","data":"kW7fjLm47YO9/Eb7CzuDctB5Prohkgz3QnJA5F8klHU="}},"JeRyFloEbnkAvOKRZJFqkEr7A2ziSYAnfk6qu7fjiZY=":{"valueMac":{"type":"Buffer","data":"OmYYD/eOndkTMkfsCxkb1HK7g7XUa3PwzO/3hiX0mDI="}},"KiVCjrYtywznE8VQyDrjttDJhjrcLMq/fsCvvkx36pk=":{"valueMac":{"type":"Buffer","data":"0XSkD0bIKyNw5zuua1p7XDDZQWOdPJ+UuIZbkB750+A="}},"LHIDeXDtui7cAiKRJt/30JWo6hGJDMXYegFU6qqzdmA=":{"valueMac":{"type":"Buffer","data":"G7ZSzqlY9bAz90xlCt+/DXBD5ibjWs78GVsc9KMSILM="}},"LNSw70eMrMQWO8wk5oKb8+GxJ+ujtSyuGLJJhWjmhgI=":{"valueMac":{"type":"Buffer","data":"aDXw151OF6VhDjgdjBcb0syYmK8aP5A9Ruk2e0A0E1A="}},"LP/d3MdgyP2OpVrTCARfGfxpOPs8UVe7gK/7GNRlxoE=":{"valueMac":{"type":"Buffer","data":"lfROVAfGLsWeV68ZA9l7j4tyjBJz0WgwfCX+p/FyeBE="}},"LZcmmT/xnCBlYV/Va/Pj2m2KEvvX8Rll8Upi8DgGANY=":{"valueMac":{"type":"Buffer","data":"w6MSQXX3t56Ge38UXiZjD9cqS60zTCqEouP3uaTUGIE="}},"L8FV+iHqCEsB9QnCl4tPM5nrEwfIHe0QdGEoANnXtnI=":{"valueMac":{"type":"Buffer","data":"kDcJmddOyzj7uFYmEdb2qDGei6VgV8F38VH6V+A44Rc="}},"MC8Mqx1VHaZ+18u4Sab0zc1m48tDNxtseQAnrTnGGoc=":{"valueMac":{"type":"Buffer","data":"fcfeMthnqOFXieXtULEkujBzt8hFsLDeWQmoZxwtPmI="}},"M1zEWrGU4JH1yedzCnABIMOt/d/nyC0JSAMHIwdT25M=":{"valueMac":{"type":"Buffer","data":"z/DoJajAvRCv7ivhgOW805Wh41hNQGwCxEKLWuFPhbA="}},"M5vpQGoHgQpy100NyNkNtcW5sHPJuiytf5XHLbe2/WI=":{"valueMac":{"type":"Buffer","data":"GAIFCLkEECXUpYys5YG3lwLCbEAsDZLQBVSlB1erNh8="}},"NlABLT5G2FphU579fJWi9sKSx2ANB5P+VcJwymiNsGQ=":{"valueMac":{"type":"Buffer","data":"CI2nnsj29NJ4/cuWtnOjRQuh5o07N7Mfdp8w/PpB/qs="}},"NqVUp9rkYpuUHYBMf597z8Bjvn+JQOQXFocJYrcQAm4=":{"valueMac":{"type":"Buffer","data":"EP9RxN0SfGnEEx8bHWaTbas+6Igk6meYi5CaJ0EGrdQ="}},"NsfGlF9xu3j5rZi4/hUm7o1xvGyX8jAPmK9s3l7au8k=":{"valueMac":{"type":"Buffer","data":"+JCpxOJYpSgvbRjIOxlhAuUeBJKaLmw94GmXRmroUQM="}},"OBEH1wAAoDxdHF3LhW5Woe0iX5uruJWcK0m5/MXeVbg=":{"valueMac":{"type":"Buffer","data":"VEne9xNXnbYJ2TdJ4u4Z8GOzSevnA4WWxQCd7SDM14U="}},"OJaUDoFnejfYZiQY2CrCRmED79fXlVC/BSmjWJY/1hY=":{"valueMac":{"type":"Buffer","data":"eBkhn9mIdXiTjoY0+S+oTcljzGSNs5f8d63cIcNhCyk="}},"OKXI8dt3ihQ5YUzOKBN0M6i5rGfhB+8Cpog37U+ha4s=":{"valueMac":{"type":"Buffer","data":"xGYYqZVpeKF6YdqDBb0Yos1IsDVw4G6YIqWVBo8GF30="}},"OaB1dK/90Pjtb82DxIewJX78ClbvQwIxSB8rTmEgVxY=":{"valueMac":{"type":"Buffer","data":"xUwRHta4J/eF8vhseCkSyudoazrEVDO277FVCt3XJzo="}},"O5XNRmxsFNKfRY+s7LU0gOeJyjihB/GWHYXavlg4fpo=":{"valueMac":{"type":"Buffer","data":"WlWAibW4z6Arv7gX4YhnYG+70mR1MJ2xUpE9uYeuLoY="}},"PCj/skuwEckgdeKcupkC5t170Xhm7OkUp446owR5oEY=":{"valueMac":{"type":"Buffer","data":"1hN4IWek+JmAVWTwWBdIWN9aZcrpICvJOGzSl3MZaZA="}},"P17UINe9npiZBw71N3c/R3lk2k/ln6HzPnNkYB7gols=":{"valueMac":{"type":"Buffer","data":"gHpkkdT2PNS3ZEc+5mZRcbm48P+qDI9OYKsAjh9K7oQ="}},"QJHzdi5pq5lDMVAQHnBUWOoL+VoZ0e6jz1PUp6uSnYA=":{"valueMac":{"type":"Buffer","data":"snHMDVhKXNFxJzrkLv+bYAg8HIVZLEUXANgTLVbtUnE="}},"Q0t+shgthkoC/qxwNHaR+bV89lSTMOWCa0PuOOh51ZI=":{"valueMac":{"type":"Buffer","data":"3MGn2u/5JHdALVyicmyZ+y21LAHfgVF3fEc0Jfj6k+Q="}},"RGQJLGTmHsIbaYI3BHIOqcGHu2Z5PHy0cRewRtz5E6k=":{"valueMac":{"type":"Buffer","data":"8E+H8/nZYRZ1fWs1Uw7psE+SZrrwfmfcNf1Z1FRZ6fQ="}},"RI4qZri20CxVeTkhaaVbTO+pPWi2cF4GdoKNXwzLuzE=":{"valueMac":{"type":"Buffer","data":"+uTr6oxZnswZ4LF1QcoST/Ts92KMoocfEZhUYqLlZGU="}},"RnNILmpixIswCTX94Q5MT3/zfks1bd8hjSM20ubnTkw=":{"valueMac":{"type":"Buffer","data":"PnKShC9W5fEVRnc1miXHs+PDt6tXu/nHz0BDwFOoS7A="}},"SdzebqDVgoz5O1pDz6Mhh84y+kYSDUidloMruEmmgVs=":{"valueMac":{"type":"Buffer","data":"sQsSNTCxLqNFgOtvVO+YCDm4JaklXCMHlGVNX0uIm8U="}},"SlN2cIbog5zMhM85IPtEgAL1/VeM3QstYu+AbIgu+6s=":{"valueMac":{"type":"Buffer","data":"Oor3w4Y+7GK2XCzrTrzjtsRbTlQnKK5u8qoFHrwY9l0="}},"S545m5iTP5cNoM2EsBnOJUYIBmEf7WijlVY4WJu/4T4=":{"valueMac":{"type":"Buffer","data":"Y7KX1Stjgye90YPZ7HDNkyPYoJ4C2K19wYQL1wzLF/w="}},"TL/0dVGj+uRnDs/RuJ7c2h645r1k6TNjCk8BVsTm84Y=":{"valueMac":{"type":"Buffer","data":"34ErqLi/WlnoOTWzWAldvHgwq9uFrxomwSJTubULTZA="}},"TYDWMUvqBWo6TEreBc5KdZ9aKtWpDeJ8xBGcCvnu89s=":{"valueMac":{"type":"Buffer","data":"NduIgBU6Da7KokWyLGzNYbWx4WwGyAFhUMMXvp2UtYw="}},"Tx6esoOevm3Fl/B97JaR30nhooPzF8OWlmnGxy5vuok=":{"valueMac":{"type":"Buffer","data":"jwFlecoDmKooWsId1ctF9V+D1z0Pun0VkWIy36zIBBc="}},"T625IdscTJjEuJCsnpn4z/djnyavtBN7urT5YkNTR2k=":{"valueMac":{"type":"Buffer","data":"Dey3PsFfTLSezkuvH7KPCw2aICmdGm9Ort6xN4fLpZs="}},"UTEx4ZB8OPAV1dcgUiD8B25n8QbG9aHGsXcFgCcukJ8=":{"valueMac":{"type":"Buffer","data":"v6odayjWFl1tLo6GSTT9IVcHdIl+ivjl9V+lP4HyuRM="}},"UdV+evjJppYSrARpxswXGsxbtanbT6ZwGhSgVesQdmQ=":{"valueMac":{"type":"Buffer","data":"4RVwQ1l6HWwXVKleytM8rm68g4k3InOjpjSqiJwRdFY="}},"Uokv5CihobDOnTUaw0QoQG+a8A0PLTCDY6RkMwIXmoE=":{"valueMac":{"type":"Buffer","data":"IhwUaB43943yx0Y0GfMSNUcTJTWl8vs9cta0vAe2cbY="}},"VGSoNaTJv63FX7hWHyRZiV2FlGDK0oAgwxVDJIGbJOw=":{"valueMac":{"type":"Buffer","data":"78Gtm5xYWfp6/GIEBrYTwGCrq0CpCjhCSCffudI/PK0="}},"Vb2V0WhrCTXhudI78P1o0G4noUiXCwkwvQPF+RbQFmU=":{"valueMac":{"type":"Buffer","data":"cqI/u7MQkbxOR9wj8sCqINYpN3luV4gBP33vcKvjUjg="}},"WQSmdoWqjoSwX6HwqIM8OYkFz5mdmq0DJQUJ2P68rcY=":{"valueMac":{"type":"Buffer","data":"E69xirOymIA7V5GA3gwX8NqKkspmFz5hP47bza1scAw="}},"XRxV0rK+/TcdHM+lt7Pn6DXFkTg1r0E4GIHrqzHgMew=":{"valueMac":{"type":"Buffer","data":"uK7fpWztgdWYvVtZ9WkMVTVJ04HIJPhsrwGKZ4GIFUE="}},"XTVTbuaOGAFCFX75d8yDAXnf7whbKfjbtOE0lH76oYg=":{"valueMac":{"type":"Buffer","data":"TXcGGaYFN/UmR5NO5uevIeZTeNxDxqaR5Ej9OXzvIXk="}},"YBTCBHdZW9P5GuIQNQ9MCrgVUo2hLCMPlt/v2swUTpk=":{"valueMac":{"type":"Buffer","data":"wRsx0j68RN3DG2gMSN3D/Mzse97k6KBcQZmjE90gSQk="}},"YGCWYOOpBmagrR9CKbCB8ssqK5nBIY/f+goGtyOLTSQ=":{"valueMac":{"type":"Buffer","data":"M1nT1d4Hk2mcODbKnWBR/+MPuKPyWy31ncBX8+7uTvg="}},"YYpgyi7weD6Is5mrH0ENIwzvRJofvvRqAzSo0ulkMj4=":{"valueMac":{"type":"Buffer","data":"BVVQUx7dieUIm3BBr0GuO3nd/u3H8KVzGY7Wy/aiJ0Y="}},"ZCNOfeJ0RzdDHalNm2ldFZgu3FuZoy5Nk9+WWioga/E=":{"valueMac":{"type":"Buffer","data":"bU2ersc2m7RyM9Wgsvb7SXmfUBKeJx2bGIEm4E/Wwzs="}},"ZZ/zXrWm1nTKv6htNRVVenamXbhke2k+4mjqWMIMDOU=":{"valueMac":{"type":"Buffer","data":"E2BU4CyEqpaPaMrV/w9KrSSdG6pD2feNeh/V2hrnD90="}},"ZsispPj33tQGzMVXCKd4s4hdZTnZkNUceZQzs4i5TwI=":{"valueMac":{"type":"Buffer","data":"GMv7kgY8vStQBkC+ddt1tbmEv/RPLpY4YBtME9Bh3eE="}},"Z4G80ee01nfhRdVyKNPMi9pEF0zSUSXeby7lRzDzKhE=":{"valueMac":{"type":"Buffer","data":"rtc5x21rjvA5n9OIC6raU5Cmx2l85IQ3jUaa5cwoJ6A="}},"anOJPhOsQMvPPFTO5sEEGo6ql8ElSDjzpqS19kmzhPE=":{"valueMac":{"type":"Buffer","data":"7Fpa5oJJM5t91ODFzuzHG/FDMXQOD3hSZqBXfQAKahY="}},"a7OjjwVN9hNM0dVZcBEE1qAuBs9ksCVyZ4Ik5NvXR7s=":{"valueMac":{"type":"Buffer","data":"N2sIwiua9WWqHXfmeYpHuCfCuSS5fDwVG2NtL5gTa2E="}},"bOUhhkUfhcy8zun1UNLVM4SgxKCmjMyTmsIZzN3c/NQ=":{"valueMac":{"type":"Buffer","data":"F04pCpi3An8fSIKZwrZ0iKjoq/5sg4LV4juh4ye6kdU="}},"bjej2mrpunPWXqS//vu7ec5vyMc951QtTvoJeBZEFdI=":{"valueMac":{"type":"Buffer","data":"n/tbJHLSl7Fu6Y+qJ0qKDOo0/Ez3XgvXLZjBIfVrVxo="}},"cND110APRqg8VjPMC+1xNrOL2PgtkZjhub8lF//HOW4=":{"valueMac":{"type":"Buffer","data":"jWc9Jexn9DBuRs/O6Vqjbri37REzAoP7Ou7Qwku6XBg="}},"cZL1BSaBPusCpRp6RZhbN10mnWTwd1+lbwAiaZ0Hjy0=":{"valueMac":{"type":"Buffer","data":"XGMpAXHj40eqYmbGgHERlx6yCnzetMVdkbx/qLWgZYs="}},"dOhdDmBvRIGm1qTDT6qPB3cL2IQl9iXPBC2uhGvRTOc=":{"valueMac":{"type":"Buffer","data":"QiPh+Jfl6udjg8xLjMJLLmkA2EZpWAUwxyCQp8J1WEs="}},"d8oCK7EiP6wAMsG/ctCPg17L4v9+IF0WP2+qA6ubhDE=":{"valueMac":{"type":"Buffer","data":"dv5Mk235NUQ5QwD+vejUZK/TG2LE9yrCuF9Ggok4plA="}},"ekWPn9wu0+JL5nF614gL8Gcy0ZW+G9fBfTug3JRtce0=":{"valueMac":{"type":"Buffer","data":"XUdEnZsc2ZTjRIP1UO5RdAm7UH12Vw5SdLDKnmlbCQ4="}},"es4LcWgtRkN1jS1hBG3ihcUWTc7iJcSj9JHl7yO9ZGU=":{"valueMac":{"type":"Buffer","data":"p7KFGxsqTiB47ra08J4luGmoXDsRg0jtvpTveut2Kow="}},"fIUNjyRPL5rlT9+Slsq6qm3XtefeTLV6/+m52EIhNuo=":{"valueMac":{"type":"Buffer","data":"yDkA2iVk06CF4KkU04i+ojJmV2Inw+pGWRinEXsyAqE="}},"fIqrQWCPt6I+W2CGAhjW6PpAqE5oV0k1jXq7/9RdW+o=":{"valueMac":{"type":"Buffer","data":"Ab1CSYKirSLyAx+pmadn1yIYobes76gXMDpab9u8sHY="}},"fNec7D93uF0Rl3HDeQL0wu+zh3Qpj/LFctXgMy3aiNE=":{"valueMac":{"type":"Buffer","data":"Jo8O2oNOVSbU62K0TEprIXYraFIuzAUIYr9CZRyLF4I="}},"fnVdeAwkGSMA2yxagVBiJ+TX5uWLZ0eeLuUo43qIu2A=":{"valueMac":{"type":"Buffer","data":"AwR1688psvcecCVoRaYNFDwyHtSvpLQI3coo4XEMoWU="}},"f3LYmLw2nHQYgiHRh8YDyGarKAOmPRSC2ynZgWmuJRs=":{"valueMac":{"type":"Buffer","data":"9SvzziLe8L3s1MMbESC+gJ48T45ySp3bkPQDlJVmZEQ="}},"gDkg8SUZ5tDWXE9M1IZZLVbj3n6rs3uFaTLaqCQLIZo=":{"valueMac":{"type":"Buffer","data":"RW4GnmmWLNUBt6GvNi+LmN+NSXywIWi46hS6hPF7TpQ="}},"gsGCLIczQ2Z/f6pAxXfL6FYCMfBseLaY9Y/z8G0BWIU=":{"valueMac":{"type":"Buffer","data":"w37tZm5N7oSLg/G3j+Es9tfGa+/AUd/EkK8CbdFFrz0="}},"g9HbVgSKCmKnLdAf/82CI7sXc9VtJ32O8QaA4TCHXjU=":{"valueMac":{"type":"Buffer","data":"yoYESzOGZDlg1qcauJoMvPQ7lH5zxNofMAyiapklswk="}},"hkaAE9rKr67t38JjjYbLA7qDuYHXK0oORTFX14NgFa0=":{"valueMac":{"type":"Buffer","data":"ZaQNbunuae2KCWzgBgRU9V8JfCEMFGZJDRt1wyVKxyQ="}},"hzgPgIUnXot2sVdOLWhctWXdgDpEJdhFKCVWKukmGgI=":{"valueMac":{"type":"Buffer","data":"Avr+R+u/5YbAmGH/mdJFFxG3vE4k1lQRaYMIosDD0P8="}},"h8aTApzNFFj2dWqGfhfIEZZVahWj8FRvuCupnYp4oOY=":{"valueMac":{"type":"Buffer","data":"qmVx7v84sYbmtsPXglcLBtv/CWOaaZd+DHpt1te+BNU="}},"jPGdOvPI938QxAbuWyIsWwQagcOAzNHlMm9hi0y5jFg=":{"valueMac":{"type":"Buffer","data":"m2TlV5JsvhbYgkSlrFQQYlHzql9kRpSH5M2FwH/NCrY="}},"kNJs0mCcgDaSqcwgNCCNgKPcJLq3N9QPMs+8WLBOiaM=":{"valueMac":{"type":"Buffer","data":"tqfPbU7HKWesBhTspjNC705xvx1ESGWk8sz8eh+74U4="}},"kPCqIUmGYqe8+D+p/FwWR4siO9AkOemkiwuVe4Nvrw8=":{"valueMac":{"type":"Buffer","data":"anlegj/8TKbtiLSzdBlyiygSChxrDcja+Dccq8xhmTA="}},"lYcRyMkPa411gD1b5qHdH5gvr6gvnAJe91BGqnxGlv4=":{"valueMac":{"type":"Buffer","data":"wzyzVoodeGfztLMXsV5B3pA2EQz3do1jA6ZZlXsDXvg="}},"mIyWDYag9kMJTNwNTINtKUgyUsF5sTAc3MvBaJHCjMU=":{"valueMac":{"type":"Buffer","data":"MCVTX3rYnhJFR33vmEqsKWJKmQcbrlTCVAAFy1uRQec="}},"mSAi8yvpqF7nq4Vs/la+XI5o5ZB7aonSBwNbc5h0joM=":{"valueMac":{"type":"Buffer","data":"YhiuHpzCxbs8BsckfoAudjGF2+NJW6dI/PsDLQmAYxY="}},"mVBajf0CwoCdbgxBNyymZtCNagDlefWlAO9kJam0WoY=":{"valueMac":{"type":"Buffer","data":"9t6bzUEpFTInYhtFMhDrlMUt4dID80+E7hUxf063l8w="}},"m1KuJswSDC01TmrlayUnEkRRnUFbmD524maP0I6dBJ8=":{"valueMac":{"type":"Buffer","data":"xF+ubNesq6axUwgSkk5hXsRGgIyomm4bvzA9WyrLhgc="}},"nJCrijti8Q/b5YkJJTxLrajF3Bg5qvKzb4pX2Krvvyc=":{"valueMac":{"type":"Buffer","data":"x2sgnSayXxH4UQPyyVSlYqq6itckfay/rToIWg2EfvM="}},"nuSeZ4FTCqASyAA54xWYk1jk7v0Jtk6VJXfSBwCdzy0=":{"valueMac":{"type":"Buffer","data":"1BP+8CwoLNUXsfUzJRxSD1YFqrVIjSBOiFqdSiafGqE="}},"n2zkR1bjicbj8Klp5OtGXJFpQt4C5ZO/JDxWa9HJuKw=":{"valueMac":{"type":"Buffer","data":"pftH1y3ja1Jyhk34uIhFGNp/lZF3hUMECN5qoYmA1Rw="}},"n4n0sokPM/N61l9ZFc+SLoOuQ7EL2w1llxJh2/kYBmA=":{"valueMac":{"type":"Buffer","data":"Tnzx0/+rUpzm+iNZYYqC24SL7GhKJBseShkbcCasJ+0="}},"oe7T/l9nw2kJJfKbXipE8xH1mlYS4jkS6M/TOkuxEwU=":{"valueMac":{"type":"Buffer","data":"b//kHEKylIT+Jr7ZeUhGAh6HWWaTjPYxgcoVvDTI6hs="}},"oidBytoGh2yKiXLHRZQhIRFRd0+mOKlaoPBMv4Ud9DI=":{"valueMac":{"type":"Buffer","data":"aONfKVjY4Qni+RXrDSF+JAJryFGNfKIYIHq//U9KE4k="}},"oyDyu1Yz1Tmm7oOBb0Mpvh9fR+SDbZOBC2O45mTmPTE=":{"valueMac":{"type":"Buffer","data":"XCD6Jlo66yfbYiBpnnHmufNGUdi9XAV6m+c5Fqc7jAg="}},"pJRaJzKj9GLe3FNyqE6y6cJi4iltahUQ4SDzHxrPxas=":{"valueMac":{"type":"Buffer","data":"anWUdCFVF0Ck23hkKKiX1DIF+4GKjGQIvuUpI2xgiWQ="}},"pKZXnxGzK8J09XxCb8Popz5o+KX3FmCG5TAJ/yx10Hg=":{"valueMac":{"type":"Buffer","data":"ia/Bzr3u0zr2sQg2INuaPQHQQyuIo3lhUGJXKtUSbSs="}},"qLXIG8IAUlo4kmNDY6Al5xA2io6I8Kv0B7d/b/agl7c=":{"valueMac":{"type":"Buffer","data":"cF+3XS8nuKXtQYceliNLpFuNJBMyYfkVskYNPHT4Zgk="}},"r4I2w3ayqQVsMgAIGpnabk11DUu05fB8le2s73/OLdw=":{"valueMac":{"type":"Buffer","data":"57dujhzujbNi+86IxAkHJxatgbfllbXLbL5MRGLsog0="}},"saqH/OBDXI0LxAbNjpZVYHvqcYbOArQNQBK7bU6pgVQ=":{"valueMac":{"type":"Buffer","data":"HeNSgKbd0XjIv/zhTokieHAaaZn+i9eQbEQ+NdOw0zE="}},"sohM8VoGHuo4aHc8IvoalQPxGu/arNnDV1vo7wIvK+E=":{"valueMac":{"type":"Buffer","data":"Mj0H3UwdAUlKSiEzQGDsjEd6VaKOmw52VzQDiBD9gg0="}},"sv4AGuYhLC3Lik/HNW+CCBTF4Q6cRoMtnLOLtenqodE=":{"valueMac":{"type":"Buffer","data":"ZjZun1v3062ywviiqJFzeeLkAuahSGNFnqfRlkx/Rbo="}},"tQ4EINQNaVFwGvSpJUua8UeCeRlsz9nNdRfD5ngRoi0=":{"valueMac":{"type":"Buffer","data":"ks+4WcSoTpeomIQjF0NfBVC1Yzmsk60GnkgWSxywZVA="}},"tWlYiwUnh7KtbXVFzlW45Sofe8EOoImJNkCbaBoGsJA=":{"valueMac":{"type":"Buffer","data":"rmq6LQ142Qfwe/r2rm3t3BuJMK9y9l07Ap/tXUcQYNU="}},"tdHqcHXFeTKE0Yx3vXTLzQIuBV9/lV1Omea+lAXormw=":{"valueMac":{"type":"Buffer","data":"Zo4GijaN4PZIzbzwNpqxmceSwy90x1lhN6/ZUVLfQ44="}},"uYPShloox/Bq1CUsbC1ldnLqLCS+zUrvukp6BoCGB+E=":{"valueMac":{"type":"Buffer","data":"pweerGjPu9rWOzBppGCK6uHQIIe1Z6RnAgbELnNcVwY="}},"udHS1SezR5Es4FCF1ATso9k35T9YRfBur7/pxiD/7UM=":{"valueMac":{"type":"Buffer","data":"omw6Ykk9lA0I9ixm3i31h0x1RQ3Z7KtdSJQWn7uQswo="}},"ukTJ2mkByxgeMkf6mYZNZbmxrVhwKMfw0md+20RgrW4=":{"valueMac":{"type":"Buffer","data":"rv0C5ROdp3xQUMpZc2PxJBJmt/dv+GUPnpvp1FqaV7c="}},"uyt5kjM7h+xy0NSzlNl1JmlXsuhGfM02vg7Hom517sM=":{"valueMac":{"type":"Buffer","data":"sLdbwnqCweFVwkt1ToUDDF6Va2cxAD8jN0JYgg/h/NM="}},"vCBVJd21VwVwSS/dZ3ODbCNhZEEUYChOSypyabFabDU=":{"valueMac":{"type":"Buffer","data":"FwKjkHfcWLazBft0SIo7GxFhoQI9eJ8huYzD7v/rJ9s="}},"wzxBZybBOLIPxK5u40D5xeyozNJ6ncWuOR209V1+lto=":{"valueMac":{"type":"Buffer","data":"g6iA2M2fkLcqW4WK5gW6VP/I7CFARi6E3ADjFAH7GiM="}},"xJOwxUyvhLpHpju8u32uBd/FHQKa4sLUZC6PasPRdKg=":{"valueMac":{"type":"Buffer","data":"/y4+FGzwijrBVC1i6di8VVVeRj12AQBhMHxdpfUDuNU="}},"yriUub4CVAO063xy3xqTFxyYTKgbysU1BmumOttiIP0=":{"valueMac":{"type":"Buffer","data":"1bfuzS2t2AAetaDTYBWY/Qm1Hpei2kez/CvYPwZMc5E="}},"zI2KpiSwYNaqDrSD55l3IQFSjeEf0kRegRD5/I0SKzs=":{"valueMac":{"type":"Buffer","data":"5uLyE6c+wpxcgdLKvSAH/ITTloMiMjcCvl3lKMqxoXs="}},"zKFhxUvKN6JK9EoSMfKJChe7NOxUayfjNNp0vIMUsTo=":{"valueMac":{"type":"Buffer","data":"+Su4DfXhpcJz2DukPd3jxMKDUP0eN/yP9CBl1CTL1lw="}},"zq2UFPQjSCEEQ1/2+q06hIem7nWNmu0YapFZxroPb8I=":{"valueMac":{"type":"Buffer","data":"2SVKtIjrSGJ9Tlos83K4Q7YhDV6c8GGkghrJ7WvfFQ8="}},"z/y1UFh6nvHoZRk8ccG1mjckvSpySKu0s8e1UE63mGw=":{"valueMac":{"type":"Buffer","data":"gaWTOjfg/l7NlbuEhNothH7zeXgrovcnEb5zeDyt96A="}},"0o5hda9/fKdDOAZdS/Z6T9/ZVX8029qC9miZnTYtie8=":{"valueMac":{"type":"Buffer","data":"iOV8y/lGkLGISPa6Sm8Xtt9/0EK4z8i8gpvR59d8/KM="}},"1br2lStrL7Gd+mjRwfsxGG/XJ0nKa5xgqjBrHoIVnyI=":{"valueMac":{"type":"Buffer","data":"q8cKswybfGppzubsX3e415pI6iSwC4FqWBob2EyDoP8="}},"1/HK1dXteCQ1TPyaleHTALOOoG8im8aMs68eUi4c6Bc=":{"valueMac":{"type":"Buffer","data":"6oFJRAyV2dy/omtFWMR5dkg7yBTtBbDpPGs0OOzxm3M="}},"2JJC3wSJcM2cn2zDVPvJd3a/bk825njiW26XXvQFxYc=":{"valueMac":{"type":"Buffer","data":"bNkeIshavwtoU76L+VBsQWQEaudNnItX0Gk053pwWjI="}},"2MWMCNAh5biRB7xhZ0l135NIXTjKGMQ00D0jpH9O/Cs=":{"valueMac":{"type":"Buffer","data":"XtH9hPOI/9eXRrl5Q3kU6/1EyH+YEeVTdWkfk8+q7Ow="}},"3AN0Q8TUNUem3NjMlM55ErcV8xPRDgd06xgJXCFC3/k=":{"valueMac":{"type":"Buffer","data":"yXLtC6slzDykb/xRD01ZR7wETYjPl8JBOhZdXmVSe30="}},"3ZYlN2X7s4mfOg5YtLNNcCJQsBmi82Ka425xSmgjswA=":{"valueMac":{"type":"Buffer","data":"DBocvMMwcuIsZs8Po6+ljfYAGcYQmp7CgGcdF/360c0="}},"45wbmYVLI3n3S8LFzmhAKaoKjb55z8N2uUn1zYOZOKo=":{"valueMac":{"type":"Buffer","data":"YC3SSS9vwBwbaHTM2RFuDfav/aJp3PhRbHRuLKZEBns="}},"5fn1UrnzwiujtPMz5H21fON1oTdv1gcqh4+ZwhPt50U=":{"valueMac":{"type":"Buffer","data":"DBdomsqPqRLSjvtStq1UwnVztGwJvdgmIbY4JdzCC48="}},"5lIw9IyK6PRwJRx1hlRCmh0kwiZA5lq+pl3ZZeyzRXo=":{"valueMac":{"type":"Buffer","data":"mQFxqrsf+ud/iTG4djXYN1IYBPK+15O7P69qM+QXztI="}},"5nvxUkSuNjgtTZg6T8+jNJwTi/tGT6QGYAfV2b+dCcw=":{"valueMac":{"type":"Buffer","data":"Unp2fz4tScX8Clp+7s68TBteuvuTPUMVhCS49L7cIxU="}},"6PQkXqd1n1CfzPCHnRjtgRAv4MpaIyUWVd1R9M9RljA=":{"valueMac":{"type":"Buffer","data":"lLcJfE81QX5jLiffjzeER+lA2GuciQkzrQ4jwnZ9zCo="}},"6jMb0jSCN2gZmjp3oO2+Q2oqNJDlSRWlWc2HDsuX8DM=":{"valueMac":{"type":"Buffer","data":"DDpzdQuUIOxan5zteYqn5aNghObhceKE+QT0LlWW6G0="}},"6lziRSZVLQRCvUeZG3iSNZj7uxcFYaPb7Fic0W+Rxak=":{"valueMac":{"type":"Buffer","data":"kb1wplAacoTQOWs/EWzgtTKBylU+Gn71ji/jD2OuW0s="}},"7HLqPAbHAN0zdE8hoxqbxMXW57f8Kejz1UAa8htI+5A=":{"valueMac":{"type":"Buffer","data":"2EVitahl+kAqLCdH50hfyLY4qzvrMZJs+L7j4L10zzw="}},"7U1SQIjnz0ERqFFnFlfK4fX5cqmM19d1idi3nF3CS3Y=":{"valueMac":{"type":"Buffer","data":"0MKKYBVd4oeluJoTnKfARaSBGqTUI35qz2G/iq1LT7w="}},"7oBTVAE+3+OpDIOeXIBJu4K5ELADPNX1XbiKEJ6TEy8=":{"valueMac":{"type":"Buffer","data":"FmdZ+YZ1a56t+99r94yde/eQQCFN/p2oONEaExGIkZI="}},"80WhNdTJ5Q47wSVGK/qywDp5lpMWt+JpKMkB9H/g0MM=":{"valueMac":{"type":"Buffer","data":"9ZKYBtCVxlHkaIKZPLHMtd9gQBN+PEo36l8+MHKcL14="}},"86vvTAWhlK8z0fW5zkRoWGzAS1blhWSTyPN7Zx7MttQ=":{"valueMac":{"type":"Buffer","data":"vRc5EnZFxeh9nmFIISqospoqsXUQkeNhGHCYbjbFNQI="}},"9GRept8I/E8F2faJAT8ZMq6mtnaXEkq9Q/6VkETdJmc=":{"valueMac":{"type":"Buffer","data":"X1On41hqlBHWNNLIylZEISi4MG/bZ3TiZykEshzp7Rk="}},"9dP7psNzdFuRHnU/u9VCkL8cKF1kc6fFr9Z+yowDjxE=":{"valueMac":{"type":"Buffer","data":"VhD/gZ2406qpygiVJZLG0G8uR18yUXXxjKVf6MEycD0="}},"+GkpsYiDjZDaQnIM3MbY7f0BDW7DLckrN8KjfSbEO0Y=":{"valueMac":{"type":"Buffer","data":"UJNJknnFMTAy2vfTVG86ILQlF5wyJsgY4ntEsMy3AbA="}},"+xlNns8PjvO5Zo46sGWJk8x5Z+C9m48Zirnc/ouTvsE=":{"valueMac":{"type":"Buffer","data":"oyCC+d+ccI8LZ8erdjku0vcikbpLY7e6YrKyEqhsFh4="}},"+7rSQ7vb2bLR7EaizqBO9Q3toHx7qj936yr5CODWu7M=":{"valueMac":{"type":"Buffer","data":"4SOmhiu/RfqWDJj/+ksM3/Zq0+rGzASg13MzPSDT+PA="}},"/VkC3bzdPOEou4L1dwHr2Vo5Wa12vz1If0iKaZ7nsy8=":{"valueMac":{"type":"Buffer","data":"8jOcbDfladeCWtcirnkbaZBkUBW5P6JhlQ6WXQzGWGs="}}}}