{"version":139,"hash":{"type":"Buffer","data":"+kvZpXWwZ5DWlz/EyOa1KX01zmpLFQQ11y6EX+eHd6gyq1Pjlsx9M/lGq51u80fJcNoAkuVfgT9mOy9Vc6MiiG2gHYhYqxltYyArAlY3ZEAPXvyZqeHPQv4y8c/50jcOKusgdIKu1b7iNqZxdY7xuCBOylpOTgwnr8aS/oG8Opg="},"indexValueMap":{"AHc0QAoj1XBdCMAABVB0MFYXvmWW4VKDtf+gVFYFriQ=":{"valueMac":{"type":"Buffer","data":"wcCIZNlh7Z/e3/46W6ife9rS4vRzk6bXn8GOv9S3gSU="}},"AWVw1eQe2EwGs/FP5g21pz1kcNKXTq2hy0zb76nGg1w=":{"valueMac":{"type":"Buffer","data":"nrxLOXLMXiveVCObEwvRwI3vJ+XaG7D4ACA/kZvkPBI="}},"AY5N2h0UOUcrxhKvKjsd8b+hngoVcGhLsPvTOIZ5hP4=":{"valueMac":{"type":"Buffer","data":"AbDjkHUUdKRENmJXN9TlsBq20QwxJTx2pfGQSA9jyKI="}},"AcGTEhDbn4PUfp5vSVIy9V8nwPl6Rlo4qQtF1w3yqRI=":{"valueMac":{"type":"Buffer","data":"rJjW8SPq5IEa4ZX2Jpql/EJ7z7I6aXMgbxIjXh9+0/4="}},"A2DrO+A3zbKRd+zljyfLgBwmGbxawftqJymLYENV4OA=":{"valueMac":{"type":"Buffer","data":"6epye3MMSQ3QziFpuJ46vyGWLLPF/uOZqGNqNXlX5/w="}},"BUYyMXsIno6TUKKgXtD9nwX3tHH+tc7Wxpe3faWQ+Es=":{"valueMac":{"type":"Buffer","data":"2+tTOuyl+qXb8KbPHgRosZvel6VGe5kok9xIMBAQOiM="}},"BgYv332uFqCoc3d92BwDZyYMXmw/3QiCv3PEBqRB4hg=":{"valueMac":{"type":"Buffer","data":"iMa4KjfP+cLUB92CCLiAnvwQaY+M8Bf/yoUg3Oyd86g="}},"Bgk3kKaoEWbk4yDFUJZUwecqiJY0Xomtt9OYWe9SgxA=":{"valueMac":{"type":"Buffer","data":"ffCmPJitkiIxN6L5FWUSZ36DRiWf7Z2fNGxKrvjmmzg="}},"B1lwMoi1lvMPMZdOO8VwsPezfew0CX+9x/AYi1SLh0I=":{"valueMac":{"type":"Buffer","data":"f8581jwKVvmB+RNkNeVV6Y0rjpPc+WrXeol+VU/pDwE="}},"CUNHz9i9+0Avq8uPVdjjDYDstHXcdIIzR6kOkoZyhdk=":{"valueMac":{"type":"Buffer","data":"KUShh3ZGjLoDnk3vL8eGNHsZXpgvXXvHPherKb3EKdo="}},"CVmkTqd+fRX0KwthgkM3WuTYTkkI7FVjwTe2vGuR1Lg=":{"valueMac":{"type":"Buffer","data":"N/bTJfXjXiFcxu+RPLPz4LsHRMvy4zAqxNGyH5QDO0Y="}},"CbyVBpb2QPufT+ZqB12go5mZpmqFu2ZD7ng87xhqEBs=":{"valueMac":{"type":"Buffer","data":"oD4x8a7VZOFG2RaucsTZXNTmhcyW9aV6ckjiZaICgUc="}},"CoTLB1klEk8Ed4AQkPbGq5k44fOTfGXRn0VfM6PmtlY=":{"valueMac":{"type":"Buffer","data":"B5LcfANjbxLzKfp2R3EDcdb7uG8kbKIvjF7BnySMgYI="}},"CyzYzO/cGLuln0uAwrhwV/20O5bFvs1s7MPIWtdMrOc=":{"valueMac":{"type":"Buffer","data":"PNouxRzGM8nE4aj41eudbUHV6ILny5DBJwUsvhFvWGM="}},"C5q8dti++SKWZZ03cQY4kIJLcSTXZIyM7PKqq3E7ygo=":{"valueMac":{"type":"Buffer","data":"oX8VQRGeuRvBUViQm3F3jt98DPtKB37s4bix+xSB7JA="}},"DGynMlICfphzw3kEWetrMzB/ifHENdixgQexcswgQtI=":{"valueMac":{"type":"Buffer","data":"+kTZnFmL5ATebALPxAxSc5BIa3qRDx025QvO3nlX7y8="}},"DJVaFqYz7Eg9JpppwQtv7pwN3x4WE7VJOJQTQlDie3Q=":{"valueMac":{"type":"Buffer","data":"0fv2NwO42R/m0URxIadE+UGTrPDOXAFKZFtvM7CAa0A="}},"DbtCgG2HYG1u2/NXYjUTdLK+UkgmSgFV3U6NEqCJ6A8=":{"valueMac":{"type":"Buffer","data":"lvT3iRmeFLRnG1BuRuZey87iFCFueHhRogzUHjvK524="}},"DkHpst8FAewSOEDapiJNUlJky2VkQC6O48x6aMSfbWs=":{"valueMac":{"type":"Buffer","data":"ZJ7XO3HpEinmVL+UQYvWIXwc26p2Ftw/foU2uWX94NM="}},"DlXak9shvymdA2Q09GkzV45d1beY/6J1kEInV6lgSs0=":{"valueMac":{"type":"Buffer","data":"YEkq4hi29JHpuc/NlMypHmaSfIVmntFFimjiUGKOgxs="}},"DuTAqK95jXW4ctwaPqdNFzlWZmygkPqheeMT8MnKixI=":{"valueMac":{"type":"Buffer","data":"nhtfrrJCD4xVZrkaD6w+mVRu5VnfwA+S2BfqQUBGSBg="}},"D7KbFY/x/swGG0SGvZNHexefT9a4SW/nM7TgPbGOJ6U=":{"valueMac":{"type":"Buffer","data":"wbM2afzZ8293jFQZAeYhdox6P8AzETaLfCapbR3YGqw="}},"EADYoa9e6u5IbDKwab6bYJuQv/5QnqrF5XzTSo5HDDo=":{"valueMac":{"type":"Buffer","data":"UH0EGveRIPbVm1fAnEei396ODWJ2LjuxjKwq16an5Ns="}},"EV0I9Gg2WdDNpcu9WrhcerqOdrQiiUcMmxJKfIDNg4g=":{"valueMac":{"type":"Buffer","data":"sVaYkVd4J3IvmnBBqVMI6qQx4gAnbxkqiZ/WobI029c="}},"EgQ06UWUCs5w5ndkPFlEJ2HML9bYimw5fZR+PEfQGgI=":{"valueMac":{"type":"Buffer","data":"s0dZFX223ahigbOKkJn09lJVNo3HFfK1mW3NRktAAWU="}},"EiaKuuTFuyIgeKyQZdAnoR1Qrh4l/wZathWW4ba3Rbo=":{"valueMac":{"type":"Buffer","data":"GGh4fVzfYZMnA4cBOJ1OG+0FQxCxpxMCTpUZ07sYWIE="}},"EjPGddy7h95DUBjopy+jARVJFnDV2oh6q0akZv4TFGs=":{"valueMac":{"type":"Buffer","data":"g8Jkl2ID+AuIGg9R3r9+CqJqD9O6KUEOv6Mf36nQ5Ds="}},"EpGGkg/su2nfsWN87ivs6VHlowhpgXdgH/0UBIxwgB8=":{"valueMac":{"type":"Buffer","data":"bJ/fowDZbHkRTFagvsmlL5mxHPGZ7GvR9/tuI4cewqw="}},"EuyS3TQ1gIQqQ1RVXllM9+AypH/ZX86C2pZqBzLggzU=":{"valueMac":{"type":"Buffer","data":"byNstzTFfe3eY8+iMEHLrH50KzmMedtBhVxvd3kqZhg="}},"FOD0zwDKXc/ZKMbNMoftNT1P2By4IbeETIj40rn6Epw=":{"valueMac":{"type":"Buffer","data":"u4FvB5MDrNY1Dz6EhPtt/K4oCoQ6sSoE+EYM9G+GIqs="}},"FZNs0tUgXj3ua8q0NrsrYj+VFfXI+PzJzETMxcTqBGQ=":{"valueMac":{"type":"Buffer","data":"+oPPILX13Z4FRrZpNCaXlloAiJw9VG3429W0AwNmX7k="}},"FfNI3oNiVBo9K0BzH8Py1x0VbUlajSoloo4yUGBQumw=":{"valueMac":{"type":"Buffer","data":"K04Ich2hZcUeMqbTY4q5U+c4xzyJZHO0jkhLosRiTL4="}},"Fjb36YzVC3bL03ZUyYOvdmagdyG8hee5GZ2Ev7/iF6U=":{"valueMac":{"type":"Buffer","data":"aGtaYN7H+hK6d6K+KXWhldo6YfwZLE1fEuF8jkctVWE="}},"F0fLGi6XUShzTHVi78+eXcWEVMYWbPUKhRBxCeZMo2Y=":{"valueMac":{"type":"Buffer","data":"sa5nowvWQWnX0H2e6RgfDLoKzFOhckb3oIm7z54Ngio="}},"F2qyTqHgZVJFrsKPAzzP/Y1p5/ormMzgP4KDTPkgvi0=":{"valueMac":{"type":"Buffer","data":"et8FApdM1yrnOOcIg0GX7n3ygsxov2X6ykNTiM0x1Tg="}},"GIwopitHzkZRf39I8eehtfiH2BF4UKQIYL/wkN2TIT4=":{"valueMac":{"type":"Buffer","data":"LPmQSNJDW/GaWYoY1FFNUUPExGOOirq5dPo1rx7u40o="}},"GNGIrwW/iPf5m5Pduw7WQe9nQ3LRYNwjMxBG/6grpIY=":{"valueMac":{"type":"Buffer","data":"efm3ZXcC9ruSmd5z6xFTW8P/Iuluy8Ux7jtrywQKiFw="}},"GOeYUfwOsltxmSojHUbmSAEOYM26DA/MzOa0PWKWWUk=":{"valueMac":{"type":"Buffer","data":"VU01skIHzOPS9h+6isj6mMOswINBzJPxnwMplVHCTFE="}},"GYwdF8DqFjm1NP3DgsFkg+ck2agv1wuAYyVbUkPYsJA=":{"valueMac":{"type":"Buffer","data":"D8RXmclU1n66rIujsrEnTDBOlka5Az9qxrtp4ZAqDC4="}},"GY5KPbWyb2XwpNIdYCYqzMGh+HLSVW+R5/IiI3sE5j8=":{"valueMac":{"type":"Buffer","data":"Te3ARjfdZUPxOYGRNtcI04PMGooj6W8YgzHca851PIM="}},"GdFiMLJO1y3RfUixMqWxG69k7uVLymQdpHbjhACifPM=":{"valueMac":{"type":"Buffer","data":"VSpvVOELSSH+lmZ3Hp6H8VOx8rEtGmGwFCI6Ur9swT4="}},"GkmfwM0nEd3Arl1jDRkqxXDFzx4XCcTjArfr422xxuU=":{"valueMac":{"type":"Buffer","data":"X+CSyLTef6O03tUvMnMRn8UzFk1xp5GbrO3ZfpOrqEQ="}},"GmJa2dxSt1qk67jy9vGA4++ee505sWueGYmzeJbiP8U=":{"valueMac":{"type":"Buffer","data":"R0AAKjM0NPeCuyJSAKmD+eGU+ozgNayIO7+PoBvBJq8="}},"GuK/AHClNDuqi4eSVQdHyAHGj7IIAaHEWi+9PdcZndA=":{"valueMac":{"type":"Buffer","data":"rij4nT1WI5j25k7SFAf7qQvdiTucaPatsN1sqDzElmg="}},"GwhBMhCf2L3rkttN/Y3JwRV4vKbk5fZVPyDec29dZtM=":{"valueMac":{"type":"Buffer","data":"0VaxnFllzooOtXbk8PEXeVHbKa5BkA8Oh4GsvgMICg4="}},"HD7fF5jpaaXsvNtyATdX6NKWMl72adjBErGcD1D1xw0=":{"valueMac":{"type":"Buffer","data":"JQwQnjKKO5Cj7kAX9SwVcKzqvY1cB8Wgtop3mJhYXJQ="}},"HRa5gTMTe+O7LZBuZ6zG71zUEdfCiT5aTyUcfYfYhGI=":{"valueMac":{"type":"Buffer","data":"9/MlwQn1cELOPjzmfoL6rtnCbYGfR7IQK7gaHmHJPug="}},"HS3pyNMz64JBRNFN2XGtId+z9c/10aiAPUMtkEUA5aY=":{"valueMac":{"type":"Buffer","data":"JyhxZCVkoPaFQ/vGMcBvOH22fI0eXEi6P1fOgSWhgM4="}},"HXV5WPoEPdtMwv50/U9OCD8xJ/XlIWs5uRYNxVHCuKQ=":{"valueMac":{"type":"Buffer","data":"F0doJlfvPkXg80PTWPfYoLrwVl6FAX+lePg/+O+pWaE="}},"HZhAclXy5n2J4XNyYV6FUfBK6KleWqCj6B55oBd9cQ0=":{"valueMac":{"type":"Buffer","data":"4tW5DfDYYsBAoEBUKluyDOsIekW7+dEzM1V636nzXFI="}},"Hd892nT6rs9jGbQNvDzBZEFnSZi9MoaHAI3oZVW6NkE=":{"valueMac":{"type":"Buffer","data":"QWtzdMDtGUaAmaI/Oz3ZYSWzKf8vnyyVOqIRa1XXE4c="}},"Hpb9BBASkcizZyszvlQId6bSP5llmVh66OfGvxBmPk8=":{"valueMac":{"type":"Buffer","data":"i/BS8wj/hhvJLAurrDEi8DeiwwvqruSVhT5ZNNVLqq0="}},"H0T+XDswCiwa448aT3fNeQuMZ258DCZtWcpwchSK/Ro=":{"valueMac":{"type":"Buffer","data":"85Cg3KZCogJJcGq75YJrGqkmrgD6Sa9P19XMsZFxtMI="}},"H7A0G/tGcNzGVlzygqUceKVoY6D4r9hl1vYDGKn9W4Q=":{"valueMac":{"type":"Buffer","data":"o1PTRhUbiFPfdszcnCF/pHO11NjC4PGOMQhuU/7Uamk="}},"IVgRkkxkwrUDulq4AQl7tk8VajfRQoMr1wYJpoJtRAI=":{"valueMac":{"type":"Buffer","data":"LVWN13p7l4JllYKzoEpQbuDhuQRdTQVqsLEAWOiyHww="}},"IaQhcS8hszgwVzJarKSWjB9c/ZVun5wZcxvP+VWTlSM=":{"valueMac":{"type":"Buffer","data":"cLWIQSHOipGR+LHP0Wuf2+nX7yaspPtuv9SyiYVf0Us="}},"Imjh8ifvX9ksakV6XG6IqHpFYbRrgMFkluezPkUJRGI=":{"valueMac":{"type":"Buffer","data":"NLugdvU7Cdy95jGmfbYlazbE1hpS+DoyUg/WBwlAk4Q="}},"I39JvnJRn3n7d3SP3WG7Hs2KD/lh6pXlJbujkeMLXvE=":{"valueMac":{"type":"Buffer","data":"wGDH391fnR2XlnysXIbVfErJHjM7EhP41XnNZb6nBH4="}},"JWEOaqUGMyaVMdPpKmSCaL50bRkLgHUbQGWzEt5pr0w=":{"valueMac":{"type":"Buffer","data":"fbO9cX9jnjMw4qLAQVOaKcaU6VJti/Bu840hZEvrqD0="}},"Jt2j06uP8vJ7Zkt3kEM9oTQ+iqrT/3Dd30YYkhwaOIo=":{"valueMac":{"type":"Buffer","data":"btCihPbty8CFTSn9jcY71tTy4ejw+Z9ucLUK+8ofq0k="}},"JuFnkNDrVeB0cpbl94NSyI/BWmoNY/Uy1gqzOM+W8Pg=":{"valueMac":{"type":"Buffer","data":"MdqLHSuJgQ2C1rP7GgXVR/XVwEAj71HAZdiG/3NOnKU="}},"J7HRAIcgPuhHpfBPZ5KG0BYHze345dHobNTRgdvrxDU=":{"valueMac":{"type":"Buffer","data":"iNEFK+K14ZiGiDns5o1riQAD3nWPPowODM7NlbJDeqI="}},"KGu5yrTLCa9LDIC/WoiU0Rr3DxhDXmUeaIlBmLfif1U=":{"valueMac":{"type":"Buffer","data":"ZruFVjg3Wpp2RIEk5RcECO5zXhOxO1az+GVHB/1EVrw="}},"KH27a8QjzFTcX48yXpsu/1RH1lfb0/RjtoDI+EDP/ok=":{"valueMac":{"type":"Buffer","data":"fuwCi8ElDsiMM5xG870Av4M5Qi4dQLOeKbW0aW67SZA="}},"KH+V45fothzNiMUdY8+PJBqkaV/vaq+zfltSYQQ9i78=":{"valueMac":{"type":"Buffer","data":"4PTxYj1ZoIT/q9qivDgIF9hwLSIr1DzhPPLSgjFIf9k="}},"KMBTS+mf0WnhLR4Sxw20xE/KcFca5NJ6zp/vcsCN9O8=":{"valueMac":{"type":"Buffer","data":"0Gm47jk3BYO9lRvQ/V0rgYIi0Ol+XQ4lYzwLXr1Z4CQ="}},"KqeuxaKK34HXkHnyG3lf9wnoA41m9+++ZV2OadTxAzw=":{"valueMac":{"type":"Buffer","data":"3/bJYLFyWG0kIKYrTsyDTbZkDTNWEf5NMG1BKzeNl9U="}},"KwPHVxSkKL7T/FvRC0nXYeyGuOTGvyKoxpmTF0XINMY=":{"valueMac":{"type":"Buffer","data":"rowouhRVIZXpUirPYQo5VMwBhEU5GYVRdYFAH3aGCiM="}},"LEabGherH+VP6B0t7e41stTorTVfaYchBxDMxi4R9/M=":{"valueMac":{"type":"Buffer","data":"nOlSVdKqdetvhtFqsHgkNJ4l0GKmSZgAbhm2K2wxcZE="}},"LFcZO5I86BrCszsZat8fgJgaN/K80oespyS81zlLjhU=":{"valueMac":{"type":"Buffer","data":"Wit6bnYqwjxgbdggJNKofXBBfUBA3py2u44vQNEnIeE="}},"LHVVv1lM8LME8B1/vFw9BKqJQaAbegtxP50t2PfIv/Q=":{"valueMac":{"type":"Buffer","data":"h+YesiOW8iuqh5XxfU74k4lBYBTnp/qc+YAe+aaALDg="}},"LLoQZvOdEr2wtyx8uWvqh7bv0YNxFMBTr7yy/UgpD1c=":{"valueMac":{"type":"Buffer","data":"T59uhIGdWOKMp0RDK8WyHUBsveeJabLmM7w2QIhh7X8="}},"LdcQt/dSAYXVJbPLsbIetDzNB1oT63SLINg6p/MrNP8=":{"valueMac":{"type":"Buffer","data":"TlKSmxDLQsr/4qbEIEubjU4i/ywy4LyvRfSgajiKsEU="}},"LgmN2YAjkbP+WXklimBYdXej6poHNcgCgbvT2RFLdwA=":{"valueMac":{"type":"Buffer","data":"HRPaaI4OIjTP/7bhsJrc0G04rl2WX+gI+xQKz8lrRmo="}},"LhH/3/KeR5NFnF8NYy09rHF3vXcAQeeVOjycRmzmMOU=":{"valueMac":{"type":"Buffer","data":"EjRr4YYOc6v07/epkzX8Vn6tIi9sqLf8DKKP3xnhaqQ="}},"LhTNBfGIFdeFSSPdf8hH3rCCmyjYa7rexxCWNlfImIY=":{"valueMac":{"type":"Buffer","data":"3ZWa1emajgDjzOzwulyQ65XObCJ2eyN+0uVF1salt6w="}},"Lz00dfg1NzzS/muqUkMYapXixQL/Gl4nMn4Kgeu3qMs=":{"valueMac":{"type":"Buffer","data":"IsXjCSJ0b87NAj5ZszZLNakM48gT3QOcgrDiOZHts+c="}},"MHri1FdK3u3sWkUCp5PvAF6JZWCchp5G/1oZIVHiz4c=":{"valueMac":{"type":"Buffer","data":"/aXWWexrtbCEO99Ygljzapz9fM9vdMmOuasc+uquqeY="}},"Mcc4EvXM7h0sqqEoxzpE3e5x9G2ypmXEwcSf1sfgKP4=":{"valueMac":{"type":"Buffer","data":"NDvBv/FvmGhGAJLxzTfkDNlMknkoTePxtbIqAecJt64="}},"Mgt9PI4pjYnMm3LYN/54LpbhPUwZADNU1Cjjl4sQUK4=":{"valueMac":{"type":"Buffer","data":"k9bhPKXnPayBApxuBLzooEHmbzdnuU+5YQ+FNCIuzjM="}},"Mmo2mu8Ufz2CATQanG0Ql7eip45Jc4/w9YJKQrkB/R4=":{"valueMac":{"type":"Buffer","data":"Hdt06rpvZbjKItZy63S7LCBaKk5UqaFzH/FK3iY90YY="}},"MnrnmsuMkyBOabKr43ZQKAHV/lvpPF9myUvVSlhJrIU=":{"valueMac":{"type":"Buffer","data":"qq59s0q923tFqztiOfa4GBhxfJSSo+C2DjSU9aICpsw="}},"Multx5nYtpcbuLCm3brDiq2v/GZ4a+ABYqJweQ0UUU0=":{"valueMac":{"type":"Buffer","data":"BgUBSF+JG79cSSl8QtQFIyZMCGvoDnTv/sXAqz9vRLI="}},"M3s1pFhOzV3x5NIiJrmw6vXz6kU2Y8EGN0MvuHU/6PA=":{"valueMac":{"type":"Buffer","data":"nvVo0H6e4TLBlp9z5msVSSxGXkSqvE6GSbeaEyvF/mM="}},"NInK2UEJsaodYFVC2qV9af8JxcUqPl2GV53tmd62nIU=":{"valueMac":{"type":"Buffer","data":"rw6Al4bGo6zDFDSl9k8r6BZmf3FPkBsTzA1viM5t1EI="}},"NYZg+o9QdnvMwTAn43Yh4zIoDgkw0XQ1jyxYJ9rfIBw=":{"valueMac":{"type":"Buffer","data":"CZ/ovOrlvj3Y6zlYTxSH4mBdL0PVMsQswozr9tHGVaY="}},"NogsoCwixRHfEJ5kIQoZnJfiZFNzuxMzGR/FUjU259s=":{"valueMac":{"type":"Buffer","data":"iP+fYy2feGXxY0a9vBbttnHi0+CLy6Pohvh7PDuQWaY="}},"NpY7ipiiKr2PBumT+WCQ0RnvBoM8Q1nW2t9c4rJjr0w=":{"valueMac":{"type":"Buffer","data":"J36Kdl57bebi0oVnIfy/DgSz+NKwVIf9tkIlAXxkrL4="}},"OL14dM5eFx+tQZpdEFVtcKhNOvU8ZH4mJJzJGdrN3cA=":{"valueMac":{"type":"Buffer","data":"cv2tNATlKcW3y0ulFhw2H0F9aBkQdX7fAlX61BmnnjI="}},"OYyGhjlV7fujYUZGgYrnrQNIouYaUVezIj8Lvv2onh8=":{"valueMac":{"type":"Buffer","data":"uMBBoZXoBLqzt81FEPewoFapnjyJd+G/PoOKc5UvpI8="}},"O/W44MdAQ9SjE60G7WUWfOKzjvFXp/607VSjeqZaQeE=":{"valueMac":{"type":"Buffer","data":"DczlrZlkkqIQgn0PYDqA0YzT4UHfIpO3NSMCBBXb3AM="}},"PHDkJeFIO61eIch4pEf84DUeSgs9u3vpXtGv4pXEYD4=":{"valueMac":{"type":"Buffer","data":"S3kuA2NYNO2guVm3T4Y4kb0o2S2+1XgSZ/m3Nq4SAGI="}},"Pad3sVI0KZ4QIlqvD1LKanhHNj/HUGqUBVdCqaxQNI8=":{"valueMac":{"type":"Buffer","data":"LXmTk8v8F3LXZDoOdhUd1l6Gt4OY9DlRYbPprigzLrY="}},"PoAV66RVu9VCAMwoIzQZQfS0j06201KPhm+TGR8+ydY=":{"valueMac":{"type":"Buffer","data":"sdKD9p8qekNYwROwC6CyuJbWlPn3PucpICjFwqI1M9A="}},"Ps4H2Iou3kWuxXWpyWl4Dhgsdimo7GCDNBpDTj4Q6pI=":{"valueMac":{"type":"Buffer","data":"k5Iv8+PdG3NF6AfbZdv+EBdo11OtSAo8ikeLXUzje+c="}},"P2g7EMH7HzlHfHPuBhaUNM+Bob7FmQUkDr9ri2Kiuro=":{"valueMac":{"type":"Buffer","data":"oJ+5ZS6UIpPyHAVbpTWwPUVPbFKPGtBwM++Kqu2MCY4="}},"P5dLRN+EGRrRQi1SP4d73cZZjyjpkH5GwhBSqFKTuG8=":{"valueMac":{"type":"Buffer","data":"Dtm0eAliUTZDBeZBFgVh3dwi6V1iRlcQPCnTsYYjfBM="}},"QDO6fNAcSZ85ffPX/B2JylcEkf9NM6uDES5xwLQ9cYU=":{"valueMac":{"type":"Buffer","data":"oZ+iiZE4DM2duumpW5g8Il048AlcGeec3gs5MU2KjHk="}},"QGQPmtSYdyVDUODz1RPMK5P2o4m9390jtYZ8XdP7VCc=":{"valueMac":{"type":"Buffer","data":"U/EslHWzoD0pTrA5SkciFuMI6jv07yR/9fYLLZTqarY="}},"Qb8l/SrGJ3zKR1Z2qyCFntFJciGVjQ5eYnI1hTi0D28=":{"valueMac":{"type":"Buffer","data":"k6bhT6ohAOhIYQ0F+tW4fgoFZ+WJM3i2T197Ehi8tO4="}},"QjQAwtq2WeKQG3o+8xPIY+YgsUXvT4rMGHWOK0GLY7c=":{"valueMac":{"type":"Buffer","data":"zqLeLkEBpQPzSt9iGfjtT/99FI0hfUj+TtwD/nsWsoM="}},"Q/UlGgjkNzTH36LF7PF2GpnGFa9YXAnerzNi9ia5v8w=":{"valueMac":{"type":"Buffer","data":"53Q4d+INrUCMwIZh+qgOiEgD4MuLQQ0bIu2nnk+SUoQ="}},"RAPz/gooBnvSZK40GLHz2Aij14gDP789o2Gfyn+8lcI=":{"valueMac":{"type":"Buffer","data":"i9fwnk8w7plOJ8747ZkioOVEBFMRxZTzTYJxXL9fVSI="}},"REYQ8oD+s3O8s+TiWI34TQ19JHJRKvsDKajBONe71r4=":{"valueMac":{"type":"Buffer","data":"ZtUWneVp9WkWbX605jEOxxdeGER073oTCMKJJNPSlOM="}},"RE00DskMy79ahDd0rZ2Ld19IPfTJggOoeWh2ETLzA68=":{"valueMac":{"type":"Buffer","data":"EmbZVfpK8sHAfUvjA52KsrNNdVOP5xS+SPfCf3qhOak="}},"RE3blsM+G4HhFya3o2x7XuREbo41WIF4cYfSApz6rPY=":{"valueMac":{"type":"Buffer","data":"+Vea9z/1s31kA9x2fj30D5lvxZZsf0CkW7M+toRDWzI="}},"Rm5PKYh3BDmJmty5+ar/a+RrEK0TcKg4LKUw5Ydj51c=":{"valueMac":{"type":"Buffer","data":"LrBTLGRxSsPUk/gfLR/MOM8UVmG617SoiL3fWNsvMfU="}},"SElkxW7mrFrKilSVB9HxPxz2tSpzh3lxihbz2jiBB7U=":{"valueMac":{"type":"Buffer","data":"eG6zf0Wfk5Sz9d3iAy2FGufVWbUgd4P0UWwAvmoSj4A="}},"ShjnrQgCqAZ4Ajc8F/OzXEN8B4hUUMQFHaRxwEXjJiM=":{"valueMac":{"type":"Buffer","data":"W4ZTSrAZ+MXhnoYbZUNYsFo9kuG/StAKChBJkMC50WQ="}},"Sm/z7DZonybHXiU5wAOqTtMDtoI12BwTvIaKhi4Ycm0=":{"valueMac":{"type":"Buffer","data":"tk7M80fP1q6aq69vtpnzFHWiV01ymxlAxMypU1AAOuU="}},"SqKN5mJN3mpMy11WvBqFzM64fWAnL20AGlApBoHFxEs=":{"valueMac":{"type":"Buffer","data":"2mUobIFNSD2wA7frQ07pgeH3e26TBn/6zlfGmoQi/WQ="}},"SwwLi4RGjTEgedGo23WDkZxQvVvk/WLVLD5JodPBgOQ=":{"valueMac":{"type":"Buffer","data":"4gB/pRdIC3/6OltBr+mQ+RBebBpSMuVTl6DEKrCU+QA="}},"SysgdRGeNBk2JNBD/PKmfdjyhjNMWJEv0CByUF/x2G4=":{"valueMac":{"type":"Buffer","data":"VcJHlwFZ5S9JBcWmtp0FFzXMF+Mn/W6dbOe/p5epkwQ="}},"S4gdvGcLa/UioiF0Dd4XWvTm0R0pQJmnRG5CfemxhVM=":{"valueMac":{"type":"Buffer","data":"mt4znNIPTLW1tstNGMJMCJ2WNRUT5VPHfYI0q1kKB18="}},"S6xJnXcxPlsZfDXNn8y/6WkuSnCi16+a5xa0Ds8vN6k=":{"valueMac":{"type":"Buffer","data":"y0YeP2iNkNOyUJSDO+VPApQSPR7inOORYAxzYoJdp9s="}},"TCVE1uh6001tg1bYNOGzDMS14cN4Kzls87lBdwcFiiY=":{"valueMac":{"type":"Buffer","data":"5cSBviw3kyfDjDirqniFJIvH6B8GoSTjUQEZAMPEIh4="}},"TJv2x3YqAfy3al3/lKKGCycisBhnQn0mUL87s0dWpvo=":{"valueMac":{"type":"Buffer","data":"dXml7yb9lwgVP9/Yg2PxjFLrPfUppGRnqNzce3O7To8="}},"TMH0iJvNzt1Cav62JYitwXF3TZ1pGMAdwMNA8bgQPiY=":{"valueMac":{"type":"Buffer","data":"C7L3a++s6mMgrahZ6gAUtELy6OiT6H9G01G4nq0zNc4="}},"TSLBlhPtrkSklUapsao+/ga9eRqVSpSQnIaOcjWMivE=":{"valueMac":{"type":"Buffer","data":"CSYHjFcExKCmwQdZenFwQxXxxtOmREHpSAlq87C6cB4="}},"TW/n9a6sDBnNJ1R+6J8bmE5D0xA2o2FTdwxtG3jXPdc=":{"valueMac":{"type":"Buffer","data":"EGAQ/A9B/qcUZPyRrKxhZCC231zU1flsKlkTgtTvboY="}},"TYg+6VoFbUUFU5hsApJDR8BkGQiayTjr3zISk0xpyjY=":{"valueMac":{"type":"Buffer","data":"aBcDm5iQaLvCQEC5t8k9TdrXbMZB/xYMW/8Z3yFIlAc="}},"TudtKj3gyBEIi8NLxi7yTsue6hj5JT/F5MAX05vLL3I=":{"valueMac":{"type":"Buffer","data":"99MQBm7mvx358ZD9P7owXskheiBMkhs4B6U+WQlqvZk="}},"T9QWvzJivFal3Bc+kcKLrwDU0UR/PeKcHmXiRfTl9bE=":{"valueMac":{"type":"Buffer","data":"upJ4g2Mt2sDGpeRSJmqADNsn2VmyCTsnhw02t93GJRs="}},"UFYnZUQACEELahKb95Mni5if11r0I+e9jElgxLWd/dk=":{"valueMac":{"type":"Buffer","data":"glvdQNpF4JWflR7jxNfYUqMg2CDuWld56Am1fkyJk4U="}},"UNl5zjQpu8vbcCMzzWODnH0CuoAk2bU0K8bI1xWtZJ0=":{"valueMac":{"type":"Buffer","data":"/euipKEraEctE7EvEnJ5mB4j3HfyvWBqj9aAAsQ+Dos="}},"UR0wwA46zrgPk4+LCkXeev7AanaOCrww19umDaUJQDU=":{"valueMac":{"type":"Buffer","data":"vrJWxYUurzFLf+wFNg/2lr2bYWvde80hE56slckdHVc="}},"UnbCpz9Qis+6FC9wIIKywA0R46aqcFLqVwQLsXAyu8k=":{"valueMac":{"type":"Buffer","data":"csPirzPt5R5Dk+WLnkVZ/onlIvbtt/S+QoTFhwn5NHY="}},"UojVkS58pRWnRVVR6QHkO7FMuTon1Nc4RKZ5ikW3RMs=":{"valueMac":{"type":"Buffer","data":"lflCVMPq32jQLBlfcgVyupkKzz9pmxLu1jN6tImRAw4="}},"UwtQtkEGi4rPS9d2ZYAKzj/SrXhWag7WWnnObftL/nU=":{"valueMac":{"type":"Buffer","data":"7sMpwL4rnxDnJuEHnzzFmt/CojqoL0AvrjOksuDUKFQ="}},"VGuFsvJVJ1xSpNWySTPcSkpI+ATpCf7Ycx1QYWNcGSQ=":{"valueMac":{"type":"Buffer","data":"jar1GlAh+j0mhFZOlTJbAw+35o8+XY7uTOR/SYSpVZ8="}},"VH+aruY9s9BtjEz0pQROk3m0W0QTak4EfmGQxCLJR6Q=":{"valueMac":{"type":"Buffer","data":"MkB7Ir2/pTmKhsHhzgCrWjXAa6IGSox2MloBSP27g8k="}},"VJv0TjNKewY33kGbAJHm8gVx9QFXGEg0ywD7jIllUcs=":{"valueMac":{"type":"Buffer","data":"mi3j6kugJfzLXFTAaFqpkjoh2seWuS/KUtEznfiJyTk="}},"VZ9IDpRhFpxHCoNs+GY/dKvl2uMRysFSwhOErIcu1s8=":{"valueMac":{"type":"Buffer","data":"Y7mWvmg8nSKFKPUmxHNIiNmQ1Jb51XqimX0cZ0j0ruM="}},"Vc7iqEFOTjEJ2UC/SXjVvkyWBrhv/42vE0cuqi7iV2U=":{"valueMac":{"type":"Buffer","data":"d3XHfT4jouyIjQUYdf/HNcyNspIkCSvs3a441Mr0vhM="}},"VgSGBhpL72E7wq6Ya8FLuyWoq4JKTqgizNDkfkslNs8=":{"valueMac":{"type":"Buffer","data":"cyHQlbslmNbJFYWBlBq64yfVKSJ6kHxqmZD2TYxLdBI="}},"Vltf5EzgHb2QBtF6k/YSIYuAMub16C3exAKm3KwlKCE=":{"valueMac":{"type":"Buffer","data":"1txQvzEq0oEW/ojXBxvnN1dL/NJ9GsN0F0LfFilI7qE="}},"V/e1UsECDLcGoEz0jRXLiDsMJndovAFzY5ORElIioik=":{"valueMac":{"type":"Buffer","data":"LJMixWEy33kjCf61lDgEFUUdQNVpb6JoJg0g2CT/cWs="}},"WIja7F3PAq6vd/qeZA6Wwcjj7qRpZQxlJdFLSVriFBg=":{"valueMac":{"type":"Buffer","data":"6OsX16kyRR4mcdU7xir27QaOL0kb+I9DcpUQSsU6n0Y="}},"WI4kKxKRaAuroYjCuvCI6vwGbu0jhiIVTSouKpnp93k=":{"valueMac":{"type":"Buffer","data":"NWpildiXIfqTEouZ90/I52JxjeIbSopbcXefaqcEgFo="}},"WtqAetNnG4j4tDGqdqYHTcRQ0j5i2AXqRZWp1t/CLtU=":{"valueMac":{"type":"Buffer","data":"Wu46nRo6XBrIg+tq95q159He2KPaUHepbcvc8Yq1/q0="}},"W/H4UK+CEBAe6leqbZ90XFc57L3kxmXVJ5MBxnlZUxA=":{"valueMac":{"type":"Buffer","data":"E0st+x0z1w2aFgIvNJ3icNiouBa4y1mxEktyg2RVF1E="}},"XDXCid7W7nJJSgtz673pkAvLyepKkeJd7RW6TmP1Mjo=":{"valueMac":{"type":"Buffer","data":"6brjiIymXESkD3jK482Trjc5cIAPK4DwnJ3Xt4Ggjpc="}},"XFl8KJIsYD4/KQ/e46EZ/tJaCvoCAH/sL1wzpRx7S9Q=":{"valueMac":{"type":"Buffer","data":"GS+XxVYSsSO0ZpjY0mImkByLkcwHcs/fx9uE0FVfAFk="}},"XHD+fJGA3Frmo5ja7dWxx8RFHz6ukiEA/mAobBwfVAM=":{"valueMac":{"type":"Buffer","data":"NxFUSZPSBLPVVG14ZGuWiY9NgLURLYEpeMXK4igLSqU="}},"XNa26ah1Dk2DQWGQ+xrXNHnjSRJrCFg/D//UV3xTY2o=":{"valueMac":{"type":"Buffer","data":"tJccpSovwlisovaeG7Fq/nMNYsFQyinuvpdQk71thfU="}},"Xl633ysw0cOhxTIiAAbsbwDntKJt8dt1AtpeB+cDmVs=":{"valueMac":{"type":"Buffer","data":"2E8/cPfnzUJlK9STMdLRK5RMbJM2wyYkQd2AjbHDE3I="}},"YAU69S6IciS94NnD+TPw84tu5EjIc9ci/sHJ6SQaRKc=":{"valueMac":{"type":"Buffer","data":"McY2tS+ZnErDklzNv7QtnSUP2IoDi2KSRea5rFNiJDk="}},"YBpH/OROF6ZKhHobZarXe24mTsfH0eRLOMvjDyg6J/A=":{"valueMac":{"type":"Buffer","data":"33ug3yjorB0ZOdX40WiA4LctZhxTuNwW6PZCfagJLBI="}},"YE+hI+WY7nNTlmVz7iKn6mEZ4E9wVgdjZQzgEIhMpSY=":{"valueMac":{"type":"Buffer","data":"LeTkT0FtxvGxJckSbWmAMpm3KeGpWs6g2ESJlqcZZWI="}},"YF13Z6ALAVy4uctNX2HLeDbV3tRfbPxG1ce/K37dHgI=":{"valueMac":{"type":"Buffer","data":"YYiXeidPzKA0X4FCOdQOpOA94wg+5oi0ui4nAbhm/6c="}},"ZGpwTdayca0cqoc23jg0bY/brqZ8P5kXrxmdoTbeuGg=":{"valueMac":{"type":"Buffer","data":"lnm+OGoi2H2732aiebaLtE9H8q4KBcSD4HxKGaI2k+c="}},"ZIcD4xsXa7WWyBghmGVVOmeHrxTgCEgYIHoCeN4DxLY=":{"valueMac":{"type":"Buffer","data":"TosvtMSYoeTKb9p3n3fJNLrkh4Mt0PMzG7ArkS2Os8E="}},"ZIh1vLLQoztnem+Xiwfv9A1FJlOcnLQKNhvy/BIKAXM=":{"valueMac":{"type":"Buffer","data":"7bG8Faq0D6h3tYL1bPzZNllX8aBplS8Z5Ii6dr1qczo="}},"Zrg3REKqOEJJU44248CkWzXjz8PTGefzjPmUL5YMMoA=":{"valueMac":{"type":"Buffer","data":"0AVigV/XlzhdLbpWizWalBdbmqWUnagop4ksJ7vaNBc="}},"ZrqY4lc/aZ/WD7RY+K+6kBi2MsDUGacf2mTqlkmjqQ4=":{"valueMac":{"type":"Buffer","data":"Nr/oPevDkAtts45eR3hr9dZ9YSuYce4bBbw59/5dKHA="}},"Zuxb8o8Tl9P1bu75b7QtSiN82J/3Ue84DprGfghfbGc=":{"valueMac":{"type":"Buffer","data":"0DMcwbn0G0KFl+1Ql9Lt6Js1vp0R3rmerd/YtKjWt8c="}},"Z0ZjWbwMQh3NZ/8Hv8gIMXRnA7sAOR6aWNVIUOb//a0=":{"valueMac":{"type":"Buffer","data":"9khmUi4P4jdbiAofyzY4fttHdXW4qDqITgfc0WFqDhI="}},"axr+L33QN/K2gjwxMY7xJWz09AbQ/HFTpsdRjcmnLuA=":{"valueMac":{"type":"Buffer","data":"cafWLzqYD5XQ+NAPUvxt3Lm3nCfQeXq+H722C0SP1ps="}},"a3rjhKIS3VqZrWSZkxm99RXvwF4/lhhW5tKxV6Tbyyc=":{"valueMac":{"type":"Buffer","data":"YFesFd/OAqjMVVFxn4JOPYmLy1o6nG7iOeMB2pQMlB8="}},"bFrRtavtAK+RnYKuw7RJUFVlbN8dY82pIGxEXelPUUg=":{"valueMac":{"type":"Buffer","data":"qNGHN4PxaXAQQKrMRZS2aJcR0p47cST3eIs0ykQILW4="}},"bIsnoL16uH/9v9rGL2Or6ghUC5X1RKipCCfD150XRSQ=":{"valueMac":{"type":"Buffer","data":"dkrDpBUfgjCpd76wNh6eGsKAEE96xIJ/fctIODTpM6Q="}},"bUjtB7cRU9Ndi6GbZ/XVKFmNn7EEOFLNSQUPLL4bHBk=":{"valueMac":{"type":"Buffer","data":"f+bpZ24hBNarzhOW1estN6Nd5omoeFqbgqXIQHiHR0U="}},"bVYCl5O2CQLj0vdbdKqXpLP0jvrkTGD9dvwLZFDuN3o=":{"valueMac":{"type":"Buffer","data":"I+IIvvRAXFbzXWOgYIWxsCxEBAqgXh2uK87h05oyXNs="}},"bjEhYzry1XwD4D1mFFxj8TQ9H9e32ZO45wMdtaRrYIk=":{"valueMac":{"type":"Buffer","data":"FutS9M6gFgnUu9w5Wu1eH72qljvLMg0SZIMI+Ihr6Es="}},"bu1+J/ZnT8egRtEgIQPDv/4EtdStLiw56KZze18plnA=":{"valueMac":{"type":"Buffer","data":"IcmgBXqcCAoUsZTeHnamA5HdJMQgf3YV2s+FoXrVWCE="}},"bvtjJO6n5pHx/U2OGDxp36oB4WotGnVDrE6iL9dNb0Q=":{"valueMac":{"type":"Buffer","data":"Xf3uzbssrxp5ldC1HZpROUs4vM5dDC8tCKoVqWx5e7E="}},"bw2W60sqnMnQl1dPoUwpinKRLDB7NCiUADGDImCiJPI=":{"valueMac":{"type":"Buffer","data":"xqFSyzr719FpRDLPHHaLNN76+nJGhXzeJGZC2ebj+XI="}},"b0NOtHaQOlL1m6LiiSFvCjqYHqxkEBq42kGFfvE8A7k=":{"valueMac":{"type":"Buffer","data":"ylPcEC/7LZpLKGU83kq0dF5FvyJDzCT5eyUj8Xf472s="}},"cDG3V7CW8mpacTJf/XScQc8KWq3aY8jyjq5C6NcVyT8=":{"valueMac":{"type":"Buffer","data":"mtn2wVeK4Vi48C6LT+RfqmTrnxcpxr5OPsGzu2DuFpw="}},"cQUFH+whbjPWYNmIugjj16AhHkC7nXN+foHvdPV2pu0=":{"valueMac":{"type":"Buffer","data":"mZFJ1s9+Gat2JZAjS4IR+YW8JeTb/GGrdNMx6hZFpO4="}},"cXOpMKJ3d/c342zozJnuIq/z4aXQSehM1ZjTHSUcdOU=":{"valueMac":{"type":"Buffer","data":"MACHz/ukYiEjNR/BQY+fLLMxzqYej2+s026nqR2BmQY="}},"cXV4VvIdCgVrl0d6OZQmID1jnY8mvKhciaz7cEYKdAQ=":{"valueMac":{"type":"Buffer","data":"ISwQU2+QOPwG+nO8v03qU74ZD+G9MKTUlah1AdPpr9U="}},"cXbQ1Gs7IV4uVtmDxMT9B3qr97hCKEYyDaShuk5i4a0=":{"valueMac":{"type":"Buffer","data":"GZ+metrtCa7gUOnATNzAql7r5iHiXNiJ8y8w/WfaGXw="}},"cb90SCGieIq+79OzusSw6Y7aYdp0LiPk0AyDV6eHTIM=":{"valueMac":{"type":"Buffer","data":"wfJsyFlHUNuYT5sogkQd5L45W3MJmnUnEfGATnJY3QQ="}},"ccMoCuGA2KnovdrYabOoaLDx3pY56NKrU55AEEpO/cM=":{"valueMac":{"type":"Buffer","data":"SSRBjLv9Mxf7OYBdiLSqJ1R3KzJ/V01UTNZQEkWq1ig="}},"cuq0GX5Astjlt8dirs64PrqJlotqorK2KCkiCnltPAQ=":{"valueMac":{"type":"Buffer","data":"WVrr/GcNziuxF/HYnDWLzG1AMa5uw5kxpwk/mGgzl4A="}},"c5KJSv7ZRP8xSLFVeak78kKeV3x7X2JmzZhBjAURzd8=":{"valueMac":{"type":"Buffer","data":"ZTE2UKh7pRtbroQHu6vrGebBQiNSKoJgLArT+D6acGk="}},"dEcVNUM0HxIBmilevz2KvvWBi9qgXilEnHQ1TZPmYW4=":{"valueMac":{"type":"Buffer","data":"9IZDumEE4WPJB15aJiSToWjbS5eK0k4hrc1tWeFf61A="}},"dYqZ9YTlhsECitJ7v+TN8zrQSCGpoijLJ2OnubZ+ftM=":{"valueMac":{"type":"Buffer","data":"YclB1YmJF8IFBk5Hj+1dm7M6C2YDYCkgSvKOlz9J2JY="}},"dezXqRm2vxon8NuEJHjcP81insHdVg9dtJM1i2Ro69Y=":{"valueMac":{"type":"Buffer","data":"sbU3dQmWqYoeso9rl7uqFDXMPCdXVbnwHh9DN4wUCeI="}},"eQf9pOQQpKNgll6ULc2QwqIcn/zD1ipCl1EVcr2s2mY=":{"valueMac":{"type":"Buffer","data":"xFQZcjNzcQD05K3IpQyLfpEOsYDjvZ0UsO1zvMOagGk="}},"ehi9mlPNTocZzTp08Vzn+qPf4xWt91QLPd0BvVmI5gU=":{"valueMac":{"type":"Buffer","data":"kbfWPqlxWQZWaH0pzcK5WJ9TenwP8Fc4/Vd2F3u8srQ="}},"el6KamZM+YbznL6NhdRZ0/msJwXa9xTDjU5fTXaSKzQ=":{"valueMac":{"type":"Buffer","data":"F25U7vnrc6r87dF2hDMYCDhdlOwwM0RzY0AEy79MnLA="}},"ep4NY4mpmN9du1OpFl3qRxaQgfLHXZRnZJMKp6fFm7w=":{"valueMac":{"type":"Buffer","data":"cMAe7jaq0V7y7i9v+UdBDl9ngKHXa8H7NPGUIB9cTL8="}},"euD19IzSvZva5fQyQgOl16Cs8b/C0IpnSBDbOP6qqTw=":{"valueMac":{"type":"Buffer","data":"Rc6hxeda88bQi30uhCA8DBHADygmm0Z5Pikd4g8NjKA="}},"evEYw2ac/2aPtvlKvzG6cexyCQn4bS39zjoQzp14HX0=":{"valueMac":{"type":"Buffer","data":"IjsyZS0aceSSkSLhNpRctEkbuNFnbrlLTiRcao/Ei6A="}},"fAhVvoEsyv7PhnF2eMnIVYJC2yEy5fupT/9w9PKBZiw=":{"valueMac":{"type":"Buffer","data":"BTQIzSaEkYJL8+cF/lx/ou2mMgc5SOLhZSAkb5HW9hI="}},"fBEC6ZoDbeBlipEoeDbaxUdQZayr6b+o/BFOaUXFzyc=":{"valueMac":{"type":"Buffer","data":"Ml5oT/IOVzhA4vF+YGIF/M6fQYUgCibjAlDxcKip7Xo="}},"fL5pTln2vbJEOIFvY/ujWioQrBQ+093AynleaKqOG1Y=":{"valueMac":{"type":"Buffer","data":"biitv4kbyeT1j0Iw8mvDZlrTpLhecJoQVMi0JcziUMY="}},"fPBFXYuikRBM2VlqFRbKRT8PMh3oe7o9Y2XiIsOvpKQ=":{"valueMac":{"type":"Buffer","data":"0z4RVI7vU5t3knIfHHfXcSMJNEHhxIaxKcBF6lo36dg="}},"fWEtAzaa7De1FQokblhKUa3rOAbNCP0nCektpGAXaoM=":{"valueMac":{"type":"Buffer","data":"HFk+kNhcLSF88HvZgFOZRXnDyIcqxKf0stg9Zte+nXU="}},"fccLMRUQngtcRx+52Ldd8ul8ugi5JU1gkzNPQxj5NWE=":{"valueMac":{"type":"Buffer","data":"1jSvm/V6krC6Ed0ZmzH0kyYPEDLXbmQATGIjtq2w05w="}},"fg1gMVw2gV4Yikf1RU5nlhRWAFMh/XV0la6BGUy/np4=":{"valueMac":{"type":"Buffer","data":"qkNPjcEZixjdFhy+RqsUBM3kyy/Sq+I1DOhEN+unzZ8="}},"fl7VJ+cAJi0ncIBxrHkWieBiOUoDkIRQYVeKu+Pdfec=":{"valueMac":{"type":"Buffer","data":"ayjsfyFE6SoLLkhVSwkp0FimeUxMOLGcwzvge/YPHFQ="}},"fnV6MGNX42rZFVtcKOi3drpacT+995dgCBtaGL8lqmY=":{"valueMac":{"type":"Buffer","data":"pl03455igk/w03PICodRF3onn9rBvVpjpSRNXAk/f+U="}},"f8zsIvtTA0O+nKUsIrDFBsBA9XzNT9tWTunFbfKkVyg=":{"valueMac":{"type":"Buffer","data":"KoDecG3goohAlHz0ubgDgq83NU99xpsF0gmFuJ/t/HA="}},"f82DEGXLVorLLXQ+J4TuuJ7qh7GwBOhKsTa/X1GFHJQ=":{"valueMac":{"type":"Buffer","data":"cCLf/rdwMkowTjz+Kolnxo6zqz/Sm06nmj7zQ2kZELM="}},"gG9b8qcz0guMfLqgVPQvJrQUdok/mwOIZk86Xfdb5CM=":{"valueMac":{"type":"Buffer","data":"BuBqgwLtC3fyYWDu473gXJe1gBhPHvlIrlhKl0V4SMM="}},"gMB9i5ig0+lUZboGcj3/N7qQI6o2lcJ3Qa6EIBe8EaU=":{"valueMac":{"type":"Buffer","data":"RTXpAE605kDi9HRsrkOJF/KAPidbEU5C+ZVP78Vdoxo="}},"gRLu5PSs0pXOdfXpXG8ULQit99YWb+cg1KFuJt2sQUM=":{"valueMac":{"type":"Buffer","data":"BwIcIFRjwWHcmSFQ1BR6WbSq1DYL4cnwuyAQXArwBbI="}},"gT0Z2mAzsEpcytMw4/qwyDsEMOAZfUgVj08TismZsRE=":{"valueMac":{"type":"Buffer","data":"x52Nyt/UStnZhjZXcRtZ35lXM9IiUycxfZwBT2hBVts="}},"g35u7K4BKLy9pme49hd9ybZpD3/napZ/SkUA9Na1gHg=":{"valueMac":{"type":"Buffer","data":"KF69A+EwJIxyPUwXpn+85XLvA6vrr4d7NJKJDcFPCO0="}},"g6x7e8VBCTCy8wDdQsvPy8gI/I77aISuEEwu9K2r7Oo=":{"valueMac":{"type":"Buffer","data":"t4k9AGgbcN5WCw27ndsq9TJCHOKb77YNalqR8a8/QLQ="}},"hC1dle2BElEZufbJfublcwOyTbpd9/PeZGKRW4s9K1s=":{"valueMac":{"type":"Buffer","data":"0D8MVerJmYa0VkU6d4I3q07BwXuOoKiXY6gLYeBt21o="}},"hKyZ0v+PiU6U6xyL7KQjKDUAAEVsUWClLadZg/M4oNA=":{"valueMac":{"type":"Buffer","data":"nAX5+l08xHA35lanMKZjRq/whreEsVXICDsZ7xiCuUo="}},"hLTHAsha6tn93leD5aQFVP3xU1lBzXr5CQbOZSZ8VG0=":{"valueMac":{"type":"Buffer","data":"Viyoy5qXMcnfZHWYd+6UonaQ95cvroUjXiHYXonL8Ec="}},"hgJXWWESK/4Ri18Fu90oEFv5hz7TpZyoR6hGsC792po=":{"valueMac":{"type":"Buffer","data":"IUec84xzB9ICN//V24RMBDUqhdKDjJYsbzDaMTFmzcM="}},"hzifwrHEAelawc6UZ8rjA0/UcwbuL008YoVf+O5tMtY=":{"valueMac":{"type":"Buffer","data":"Ug0tGmTWh0nogemgLGAQXEkvLpDpYvzaGRmzFfk99EM="}},"h6B2bi9Abv1qJmr5O0kZaFwt38cw3ZYN10RFpT/lV10=":{"valueMac":{"type":"Buffer","data":"MQ01UMNHWLG9wW9AjnWjhYDuwzLw19RzZgv2N2d7FTA="}},"h6/O/9ssTRZf9PnSSHX2pknZk1AdleLiJFoeYjYbYVs=":{"valueMac":{"type":"Buffer","data":"urUmJxsAyCcKmfGscbXNSIzxm9CjG4jpqwnqLXEW+as="}},"h7SIlQjRRlG5tmF/oUUA5M9cQlqLosdqU9e6OT/rTzs=":{"valueMac":{"type":"Buffer","data":"0XmlrCY6gHTEKRnVPL7DLQizJFLJHzQ257EDq3zqm58="}},"iHUCg2mGCvYWjkwEjB9PhyaljqVS7Q5bEnkWIy85txE=":{"valueMac":{"type":"Buffer","data":"2BJvNy4eQj4FzNd68mwuWH36IOLlFjBOjaaMY3Mj7bs="}},"iKc/YXJn6S46dQjvuSFT5fIva6cCMzm3tvrG5S0v/OA=":{"valueMac":{"type":"Buffer","data":"ucdTvRZsYt/iUmyH3rT/cpirH297zZ797IrXDoxBMUE="}},"iYJy56OFALMEXrNgIHmVM4oMn8D/DDbvoQliE/tzCFI=":{"valueMac":{"type":"Buffer","data":"RYZToElwBnGGQ0qExSdJbNLGz4xxckD9e0s8npDeyTs="}},"iZVyfeiKYTpFBwm72Tkf6FSBTvTFC9aBydhiUzQYRj8=":{"valueMac":{"type":"Buffer","data":"1zLdKSHx7RYfSIZ10lV6q6uDvvkPV8gBa0MbBaejQyo="}},"icrInuOeWQROJ59t0aLAbRybV2TX15szzpVOABx36Ds=":{"valueMac":{"type":"Buffer","data":"emc57fAAEnGAOePzoDvYMbgTTiykztsqCGIx8Suudgk="}},"isUWSZvtAqKaD4Ln2KTlboqgKFqzAz5dQCYjAzssJhw=":{"valueMac":{"type":"Buffer","data":"sYmMghDzwIoIVOmrc+yhcWee3zVpOuOnFetV63woWBM="}},"iv2JZF2NMjkFWtwzDZ//i4Lk2sUoleXxhDlaTdrkYXY=":{"valueMac":{"type":"Buffer","data":"40RBqlBymzj8Sktjfqp3CpoPZltc3F2sIhsXTb7mIos="}},"i7UXYTK1U4V1oGJj2z4M1/errxabmJBbDjMqWzgNQ0k=":{"valueMac":{"type":"Buffer","data":"+Iambud6N4alUQipKEjUyIhA0dfRHflPsM+exlbhoHg="}},"jNWnBpyfaQhQ9CAJdpn56mq9mlF6WS1loGmexK9U514=":{"valueMac":{"type":"Buffer","data":"gQCxwkiPvOFW+Rjx4tFRu61ERmLc/l6lMqboz8Us/yU="}},"jpQRfIwQbVTlpx6NGTbQpuZKharFi0t9Mav8FW6eCxA=":{"valueMac":{"type":"Buffer","data":"E9nG29sCNII4eH0r92jXyfIwzcF/JdLDhhiyf4N/UA0="}},"jpctAVaztH81JnNUULshCCSXpuJE9GnHBVjO6sAW+6k=":{"valueMac":{"type":"Buffer","data":"0Th8o5M+CnBXTd37XSwTwNp7RLXr+HUpJoBKL4ECl/Q="}},"jw3SZ+PudhqEAb7wtykEaQZcqwdqOZ9IMPV2FZ1uprA=":{"valueMac":{"type":"Buffer","data":"nA5niYdI5oAUKsSi7jKQRJi8WQm5ow7iPDOYeFyP6p4="}},"jxepAOB4u791eqP3fPN/ITdvx4SN2m+cpyaJk9WKAbI=":{"valueMac":{"type":"Buffer","data":"mLUdXgBechR0MQiFg6tJCRlg+zwExk0H4/qDGx1PjSE="}},"j1lBSZNIdz/kRKe0XmUUMqPLyhrrBmnrlqHF11jNmKI=":{"valueMac":{"type":"Buffer","data":"KCPK/6A91cnDvjvekYWzFwZdDxol3FAo2NQv0s33txc="}},"j1lVEnVWO9lqEpOYJmGr2vrlD59ouj7l1rP4ydNptbI=":{"valueMac":{"type":"Buffer","data":"YtA0cyvalvfedl8aO1D7QJDAb2OmiFQvuw0J34I4nQQ="}},"j9cziJJzL/CzLYuHQCHMxhji+CIXZ0p/Li3CXljDBCg=":{"valueMac":{"type":"Buffer","data":"bGruefwF6D2hPZtvCCfqNySaBlFn16g+tejuIlN7gqg="}},"kIyM55hP8BWaawFNQxNaSor5fURAivrNNuj4FsawjGw=":{"valueMac":{"type":"Buffer","data":"zCPLxtLCVwLoJJnLXvweeA1kieVUsosOENZi9qwGdqY="}},"kP/rrc+5SeZA1d5U+dNOzlijJC0V+kkGM3Ak6scO1wI=":{"valueMac":{"type":"Buffer","data":"bVSxbLDIIQBgstXs79YfOHdccxuSORZ+XCBUeEre+98="}},"kdOcu/0NM6CWFwp4mgb0DHWi/ot6o8ttjKofuv1N/Rs=":{"valueMac":{"type":"Buffer","data":"o1wVMJipfA+7m723U2mOtF1brH0Z0mdWUzOjHgwh13E="}},"kgO7QJ88Ci2XkJwr/SmWwPKVcudagOIAsa7QOOV5UJ4=":{"valueMac":{"type":"Buffer","data":"LgMsmFm8jtiDm+kGp7Rw/H2vcxS/zrfHKpIIsn+3YSQ="}},"k4tuA2kxsLaLKQQ+lND0OfWWSM3eDgd0dwxT5PobyJQ=":{"valueMac":{"type":"Buffer","data":"q57L7hkZLoAVXGHfsLwhpc6PxC/IxB39QyhIqqi48hA="}},"k5OGjSMfQzkdgEbHolko9A0KKxqGmPIf7UCuDFKpMTQ=":{"valueMac":{"type":"Buffer","data":"WlogfquFWm+3kpyxPbwfyNk8A46GGLiBdH59llbaaes="}},"k5xCO0itnO2zu0vAgMEThe1xi7CI5nE6wDA14n3Cfp8=":{"valueMac":{"type":"Buffer","data":"9bk7XONLJZT2PTZXFRRVV/c69O89CQFcE2qYF8arsEw="}},"lJ1Nb5Fk5qK5UYIVIXpdMkz1q89R72rO6iFCUQo+9r4=":{"valueMac":{"type":"Buffer","data":"SBRQ03Er51/L8wXBmPB2Fq23DKeRarga1uqIw5qMeio="}},"lOAdH3sAoFT2u/vmj/sfC9t5VyL8UM7w1+Ir4TtoHmQ=":{"valueMac":{"type":"Buffer","data":"IUlq/ClZ6GO0wXWAG8N++XUqv9xygLhy+yE3BrFMSxE="}},"lw2WNoxh2nrfedXJG1R1pHEWgeTDS7tcn9u+JbNT6w0=":{"valueMac":{"type":"Buffer","data":"b3mtBXJzDaL6NiwEJF0fP/xRtqhKQiuJ46v9sue7UV4="}},"l5VIJhfMmFVCYmtZ0KV8zw6+KMqXArJYVa52yXAGPNE=":{"valueMac":{"type":"Buffer","data":"A/NdUAU4MRUVl9+ps93gWMkb5h5WxR0QX0VWEH9rMSQ="}},"mCeyXcFZUlElkRtGoDcLji54S47M0Xs8TkFQ1cZwhXM=":{"valueMac":{"type":"Buffer","data":"6/gRiHYiWHb4CSf34Rsc/VNqs14+9zbk7iMM5Vhn1HI="}},"mTawU7xTKCOSMadgfHD65wjld+5DUcA61lCBBJMyVyM=":{"valueMac":{"type":"Buffer","data":"HtBB79YXORnn0riJKzwujAn/2p3xnZx/IWqoTALRY7A="}},"mdkqU1cWhNhu2RWoTtRBelAVJk/a7DUI1k3p37w986M=":{"valueMac":{"type":"Buffer","data":"JJ4iAjN6lw2V55xIkzqVguyOAXD1mu0CYZYqRhV3Qzg="}},"mdq2uMt6AbaoW5uR+pojT7jzeFf2ZDttXH6xeHngZx0=":{"valueMac":{"type":"Buffer","data":"x6PDN/R7WNikY63BMLwdM+Vl+f7J4aYcIag42KWQihw="}},"msazLAowS+5fpRNIJU1tU11tbIWbTtGBkIIspFGHaH4=":{"valueMac":{"type":"Buffer","data":"jfXkYYOuiOvX40VzYFJcV12lJObQfsPbNGNnrVcWdPc="}},"mwqqHIVTzOMM62h4Q4xlMTN/Z9ORqez3RTK1kjb709Q=":{"valueMac":{"type":"Buffer","data":"nbW0c36pFJT4ujIjXQnTQgF3HpxXoY2ObAgobbckJ5Y="}},"m1k3I3azumWAYKf/0V5FfecqD2WkIwPeSjwd8bNh/HE=":{"valueMac":{"type":"Buffer","data":"67pWtAP/IOhvoRwMals3hj6smzroALjOh2v5JYbXF48="}},"m1oAWTSoYryfbZuN8hknGYXeMT4rLmTDZ7l5cSBgeV4=":{"valueMac":{"type":"Buffer","data":"yjJOWRhYQPlIJhrUR1JuDU3ge3vIBHowd4RanlfM7as="}},"nAmYjbgJR6S5SVJy3d0Zc/5b680ploIEBs55Rmz1In8=":{"valueMac":{"type":"Buffer","data":"CWF+wIzUTuY8QZU8uaelD7PfqmYf5A8oRXeRx8AUYZs="}},"nFaMKJ0DV0LgaOIYFfEpuG4Q1/GJRS7o0BJ2xabhpdg=":{"valueMac":{"type":"Buffer","data":"MlD27G17T2tgK+Oapow5oim7BrY+eX0A1h6JhTSMLBM="}},"nMLpmIg0hwb5sLNIR1Ij0tCI83nAMaFOwTcMpC9sJvs=":{"valueMac":{"type":"Buffer","data":"lXJ949ylyBM9b/s8boKQiwOEvJtzTo1o0F+9MCiUZwc="}},"nSAUtbpARtfE5huiMg6C16rMwBJH6RGYgGUyWtgBL5Y=":{"valueMac":{"type":"Buffer","data":"MM/3I+WIVK/3/5TXoVxhZrPF8Fvs4nhoT1++xfk7a2I="}},"nVT4Zkl6dYsC6SbdztohQiabK3wldUochHkRGZxe2SY=":{"valueMac":{"type":"Buffer","data":"4p5G6+GX41EPbiKXU4xCMLaiMpHzQjcKaBLKmn1H7G8="}},"n+g+peiwOpz5Bsb+ros+B1bgIgcINqLdjNoYJlrjWOM=":{"valueMac":{"type":"Buffer","data":"GGHjpu79NuVGPginm6M6DCPUd0ccXMdURQy45366srE="}},"oFc6qpMxcjUEe8kd1T5/g/LDf4ZyOPnjtkc/FCLj96Y=":{"valueMac":{"type":"Buffer","data":"+8sO0R9bOU6WDdMvT7ft88hwVSTmpiX/aIR+kuNCxPY="}},"oLWuTJzef+202aCBOQo+4IaGu++Z6FMuV0F3N8z7PKs=":{"valueMac":{"type":"Buffer","data":"CrNU1lwaqwoGKXU9FexjTmQhkJ1zj0n4e/cvfFk9Ifs="}},"oSUNJhy1R5NGaXxVWEXYfYjV1UXyMdPbNoiIYyBSq5k=":{"valueMac":{"type":"Buffer","data":"Gz46I5TqEK4MVu+KUDVrjBmC+P82kcOtjNAdFEXRx+E="}},"oiz/OfHo2lSkuxjOcmgGK2v0mM8R35mTwaNjo/KTrEY=":{"valueMac":{"type":"Buffer","data":"36UrSNDEta1n0euZot/dyGBqIL03w4eeE/ef92DNDI0="}},"oqy98h4Xiukw7MiXZRX3JZ1EaZNS0KVzTcpId6Oc3lg=":{"valueMac":{"type":"Buffer","data":"3LWy5HtpdWLIryLWtNhT4DU4+v6t3WezXeeF80AZeDM="}},"ow2DRqR46yEnwxgo3SkVhqS8ng+2tKKx8lnWMwjS1XA=":{"valueMac":{"type":"Buffer","data":"jGnUrbvS7c8mVEKgo9kysmFf+ObYkUsB0vuaOifOoz0="}},"o3dWNrPUqfUYQmi77jr5f92WK8CTBnk5MXvqLSBNGbo=":{"valueMac":{"type":"Buffer","data":"pS0qUxu771NsfpY2xhnYh0XRpVn309AidnaCpjc7JjU="}},"pLC5H8zAn0h5VYDL9bJSr/PV0WIk0CFEi1tCOA2dKXY=":{"valueMac":{"type":"Buffer","data":"ugFO/XIdc4wPa3q/XpCUtyiDf3oRh2jNuZYmEjqh680="}},"pUq9y8ZM3asG/bWuml9QFRGxE5NenwaKTP3tlX4fx40=":{"valueMac":{"type":"Buffer","data":"EkDy6EB2EDi8VgKKevvU23I6poYrM63j0mzfuNPWKyY="}},"pWKdpTjp0BtMXo8eA3HBY16HqTeurYonpE/RqqHA/ms=":{"valueMac":{"type":"Buffer","data":"2lZNog+YN3RizbwqXiIho8h/X25eYRHPt3UDP3Zxf20="}},"pohKqpcMASDH1pxEEiGgG4cZoCmcsuSGqVAcFDPHCgE=":{"valueMac":{"type":"Buffer","data":"I0PbszSha+KgCsR2dMJZU3QxBKVvR6buWC6HDsvvTf8="}},"pruLcJbNVF4GalVUnD67pCMxZRjieV7gRQKIf5HA+x4=":{"valueMac":{"type":"Buffer","data":"WLXXk30kGAvbeeAzGJHr5QkDNPEb62k7uvQBJS6Esho="}},"ptc90aHQmpg2HqbyBYbxEPAEegrP5xveYL6ErX3Ycf0=":{"valueMac":{"type":"Buffer","data":"xe5MvEeFX9JqXOY7Q+/LCf3NY++Gim8fG70NUykDpW0="}},"puSKpHExYfzWKn0UdOee3fipo2WcLhWi9UFJ61j2/Oo=":{"valueMac":{"type":"Buffer","data":"UGiFOsmPkmTQrKctOeqLikHqJoJgVURWeg0/WJoDx7k="}},"puaO4x++zz0nGoe3jhfdXEry4G7wjAEIKVc+waNHoPA=":{"valueMac":{"type":"Buffer","data":"pE3r4S/Ew6/djDyNUFdzbLGRFoVIM7pqyyq9FZkRwvs="}},"p2EAOQdlx+6w+GZca6oirl7EyuvncH6SGYunAlg721c=":{"valueMac":{"type":"Buffer","data":"aTS8T/lloSrJKyIuqtH/NaV5CupoHLP/2Y7BgUFFPuE="}},"qAqreyGMHLgjEzplyPamqxmaeehaT69hyO+etw6UCCU=":{"valueMac":{"type":"Buffer","data":"XBtGIf19sBonuKINFigAWcBkxOBJo75zawev9Nuj6T8="}},"qGeFaBdhLX9izsMn6ASDxPsbIuVoLteuX+ET5/Acnf8=":{"valueMac":{"type":"Buffer","data":"NUO2mbMnzYdWC484pfhaO6Ja6uNUkjgZmeH14pRCLAM="}},"qW/i5ylOOD1kN6hn9YMamlKkJDVC4sAyjcJDAo2aj2A=":{"valueMac":{"type":"Buffer","data":"mdWG1IRAv0ka/9aQKfgMw7P45L2Jca7STKMMvPAkAVg="}},"qhHzThAdVuLJgZ/59dcbuTDhcnNVyWosBYPzEQHQZUM=":{"valueMac":{"type":"Buffer","data":"rJUFlwOGaa7z+J6fqX/yNrOB5FcYM4pBGe2LRt9gxjQ="}},"qi2up0OmIPgIaymfewc8R0ik/PadciChoIk9DJgRi3Q=":{"valueMac":{"type":"Buffer","data":"UCdHksmpFXtKqeF4Hw4S//bca/ObA8a1OxIk9NC+6ms="}},"rBCBSYsOKmIYGpGXp7n6wEokmovMB5wGpnAqJSosWHI=":{"valueMac":{"type":"Buffer","data":"hQz+7r1hdT55Bpqf0kK0m6CbbtdLnoNfRCiRDKe/OtM="}},"rGFRP5A+b/5lKmwu/tnspOH8ZmMLkjTF56wKdnLtp0I=":{"valueMac":{"type":"Buffer","data":"Og2xyxcLqwNy+gFDfgeQZaZwMSFkC1u3EpHK3gJxbaQ="}},"rG82JBQ9ILm2/InTq64veRXtaL0GtMxPzgUsJ8Lzs4Q=":{"valueMac":{"type":"Buffer","data":"nk3qEF9SZF4jnXVMjmiDjLLBygU6NteK7M892ybdJ8Y="}},"rH1Q5buKpVlK45+eu1Hrp4dUl6klJ5IXVPqwHM/WAHY=":{"valueMac":{"type":"Buffer","data":"K9ejuJW5r/71Ww0fpms3p50GaEdruiZeQHdIKPL335E="}},"rOnD1naDlgDls80sVi5pjGMLa/lHawv6G39tJp/ji/k=":{"valueMac":{"type":"Buffer","data":"i6XLbwFz31rbKqMPo+SXPHhTYOlVhN1D0M+hAHL7xvw="}},"rTKrEkRDnViPFxste0Fx5CtsvDHoM7QLgWg1XHHbmB0=":{"valueMac":{"type":"Buffer","data":"Qpea1awqda+0CSeBYPXZGFfdSeqJauiauFkqD0UPyzU="}},"ruEAYbzbojT+Z+NKGWBmEz+JYgkfBPgWSbrPsJSF6h8=":{"valueMac":{"type":"Buffer","data":"ESX8pveLXxvDf8Ww4Q2FIXHTpW6qSUqJheyzDZTykRg="}},"rxKvFuprRo1W7bvCv55vKodjJwRvVW2cNci/0a7NX1U=":{"valueMac":{"type":"Buffer","data":"Rd9HvSB4tl0dNsEr4P4rl17nOyToxtAC3gF6SxKMo4o="}},"sEHVr01MrwdW8UjH5blc1oLe79vPw+VYGYghERKpDUI=":{"valueMac":{"type":"Buffer","data":"+Yvvfx6hde7yNjAPUXn2XIZSHTkyfAKxCvK2e2VjXxs="}},"sFV0DOFgTbAkBUqQmaliBQKsPCrOC+ty9nbdD/9YATg=":{"valueMac":{"type":"Buffer","data":"U3QTis+M4alaoZavxCzPM41v5B2mTnI3YKDXsGWzNQQ="}},"sjJmQqLliR3h7d3LaAxNEJDEbzKJ2SWHBPtbX1hJ5kU=":{"valueMac":{"type":"Buffer","data":"DSpZmuANRxa6VuK+98stVQ+vxfHRil21fi3W0JNsVqs="}},"su9xY22pKwLsihILFbsQ9A7sEJErce98+OeS1erk3No=":{"valueMac":{"type":"Buffer","data":"+ROJVl+RNHWX4/v2UXceGwOVSAUdLPxw+gVoQMW4rdg="}},"s9FnKEa2TvCUR13jSMH1GkiiXhggH07QKsgylGrbRh4=":{"valueMac":{"type":"Buffer","data":"dd+MuT+1rA0o8kEr/Xfi909JdyGybAqHUAST3uGiVrk="}},"tHPZOaVmf3or1tqFBcu1l5mtHmoDBXw+f25P4BQYIGI=":{"valueMac":{"type":"Buffer","data":"CscxxFXMr2wK272S8FXmfEDWzIK+KrRoaiSdSKyURj0="}},"tJwyAYiFuKNH1MGHW5ex4BQjWSD2iGQCXHx2DmJhmqE=":{"valueMac":{"type":"Buffer","data":"LMutBdiPhRhuDXmFXdSS3RLIQ4hk4GZQkNl/W+Areek="}},"tLXdA31urE0Rpm6e1histtmJ25dSiuw5Oi7t6k4Fh48=":{"valueMac":{"type":"Buffer","data":"Daxaxj5mvQNwnHXaCr8v2E7GgBq4Uc7UykXcdeUqxnY="}},"tOT2/v2wpu9ED3nwRGCsF4UtOGNyrMVH7cx3RzFjp64=":{"valueMac":{"type":"Buffer","data":"rRxBiK8C7C6lFv++2KqthkE1wXMe6J1UqvVEc457/8k="}},"tj3xflnjfCCU64w0LKc0RjVGWDCLFHtHSdpsYq0Val4=":{"valueMac":{"type":"Buffer","data":"3HFJKIDpfHbz5tss3xVSHWaARUagvCbZKGkGqJju0hE="}},"tlIJZEYCDyZC5AmQ8QGVH9i0g43YICDxWHVluDzYlVY=":{"valueMac":{"type":"Buffer","data":"XVz2c62rWjm6ikgEjC7GlLd3o75MkDpICIUsckkrSSc="}},"tsEjxxFbS7xrDnQQ25AVCM0wdhH0q2o+v7Lhja1R8qI=":{"valueMac":{"type":"Buffer","data":"wlpmGKfq+DSSZgv2+T3JzLKy0gl/B371yjCZZI6UQcQ="}},"tycR1zKiCcrgaW9dVxORxViFsteXVrp3huFBLd5YwtE=":{"valueMac":{"type":"Buffer","data":"XT1GVge+Q/FFKEgc7zDUJZkp24HyAVDqJ9g999Iz8X4="}},"uWZvKHWWUE69SAzCk+ws25WfrcGiha8YvuHYcRXGnpI=":{"valueMac":{"type":"Buffer","data":"cZe1Yfq2VGgI6B+gJcLv8r09rFDAa4em1Uw2dN9VpQg="}},"ufA6C0i7eayxVK44Qo5R5MOsbfub1CfJ0x2skWo9aqk=":{"valueMac":{"type":"Buffer","data":"VkEy8uP314ct3d2nkBX+uPdQ5mGniZ7dHKnJnBXFTMM="}},"uqWkO6QCHIK8XdrCMF4F3f72Nmo4fE+Jl2E491E+nqw=":{"valueMac":{"type":"Buffer","data":"W4W0cZ29cFOcXH5abh/jHKYwYMgtvKxY0pe7OivM990="}},"uzJjxTYUp++tan7hpltGtoZrrL7MObOoOvaIWHl0pEE=":{"valueMac":{"type":"Buffer","data":"Wv7hTcfE+FNuuhBDRQmc7gpPik6Tlf4n/Xkj0/xDnmU="}},"vMrYnyuqnaCkz4aMGfTT+2yBHhpRm998DI5boaP0wVM=":{"valueMac":{"type":"Buffer","data":"xCCsNhip4ZomYO17ac9gtFciQpB6WpPAxh0vYrU5ngA="}},"vR4nCjaG7HQx8YscaEp0VXgauQiuSDmx0EuKSiAzO4s=":{"valueMac":{"type":"Buffer","data":"oM3IKc3lbdrn1+YVzVqA8uEok5XJ+OEC1VAkVB2a4OY="}},"vpXTZ7Jbj8IiSi9upR2Jw7b0GYFi9qzL7dTvTWmhkc8=":{"valueMac":{"type":"Buffer","data":"zzMSXJJ/BE5Y41c2ioIo2yoFYRdLxO8lKugV6MPjOT4="}},"v4UJoVlaRBFpfx3nrsSoFXuISqi8/P371YZZ45G4LmQ=":{"valueMac":{"type":"Buffer","data":"l76G5L0ZS6GQxB4cfaEB4xMGDHx0w96CAFAJjk1VAmA="}},"v5k/UP3nJTN2blUdvfRiSYrSUaSsCIo5lQ8GJwBpiQc=":{"valueMac":{"type":"Buffer","data":"2OB1KAa9rHK2VrfVXq6NlWh3Vn6Kt+rn5aURsv4/JFE="}},"v+TwQrStASTo7Cd5CsUA1QhOaJKlshI1cK7ucnfyeZM=":{"valueMac":{"type":"Buffer","data":"knCpIGVXhS6tJDHbISyoUx0+Xv5bwsUVH+l3GX4Xosg="}},"v/CFbjiLciQK4wLikvvdYpy4DR0x58cnICE31WBml3k=":{"valueMac":{"type":"Buffer","data":"9YIqoJ62ZzMeH99Q+jsrNGQrRPYbG79CScpNxmtBdkc="}},"v/Gus7FOEmsaqYNQPBn93n2X8ZabQgKWwk8qrOhYcME=":{"valueMac":{"type":"Buffer","data":"HNrSN5Fp+HZtvIGLNWKBjKk8k7wx/eWmmyucTM0dE/4="}},"wEkqXwrdBnstB94R7xv+SACoRNnmgHVBijjqRrny5LQ=":{"valueMac":{"type":"Buffer","data":"4ZV48Kw76dXzVz2Rg4JJgCxV1/aiyDPOVz/qirmkROY="}},"wIP9Vd1i0t22mMH8hhwuDZ2lLdklhR96ncPFrHLhptw=":{"valueMac":{"type":"Buffer","data":"mQ/C9h5GTAaY2LwMMfYugunJgB1941vTxQX3A7EBL/8="}},"wKkoVjDYDLQdRAkUr5J7781AhsNzDCYnhzFWgIM8TiY=":{"valueMac":{"type":"Buffer","data":"lyig+QFgGnAxP9vKuVKy27jzBtl7cgRUF8airYfY220="}},"wcGlrdeK3fQp/dBpezkskFQP4N35t1h7Ed7HWq6wyx4=":{"valueMac":{"type":"Buffer","data":"1kCu9Sf5oHThrsSozJwvCr9l57urBPexjDc5R7XhcYo="}},"wcX/Jim8SG0ugpHysTHRfQZGB7eDNTDnKzlEF7i7ZOY=":{"valueMac":{"type":"Buffer","data":"+vK1cOsoXnper0U0Ay0pQpVqZrmqUySsX7Qf6PpwPzc="}},"wmG5fZHZm3Ws3AxamAcYh4Q5POpAzSbzGamIe0qLotI=":{"valueMac":{"type":"Buffer","data":"BesVhDQHdCaqTvxHwLaJOMkN6hG3blzItOLsApDCZL8="}},"wqdiX4OVq1siptT+GcPlU8v16wYWzyTl816rTDV9Fsg=":{"valueMac":{"type":"Buffer","data":"05tEZ75rIcHiBDhQC7tWrVmJz8M206F73BaoQubkF+g="}},"xVBSNksEKWyx0r5MkHpQW0VoBllQj8Q44+45zpCAWxQ=":{"valueMac":{"type":"Buffer","data":"q0k8AofPQhq53Wz9FTsOcU3gS+sOd9hVgiwvajOLITk="}},"xgM5YS3YunniX/2+1UaURP57GH08poOSpPDzO5HMvNE=":{"valueMac":{"type":"Buffer","data":"LQQbZp2z4o4GztYMigywJiQTii3i1aFP3u/rdSEDnII="}},"xqDhHO1vBmBYIfFuYxuDDidIPGqe9vGxS6P7s46Gpbo=":{"valueMac":{"type":"Buffer","data":"AAGaMQrdou7gQMEz+0N7hZx1Jgq+Xi0uR14WGDDhi7g="}},"yLrN4VPvLc5FMCIEB98HrFk2WX6K3qIrG5KfY12lO0U=":{"valueMac":{"type":"Buffer","data":"th4Vltn7OLlHMkDMZ/NNbiMAw+qnD2tfwQW8MJHu73c="}},"yL84EOuo4+DLkkBoRRTI4hBWHnmfDvGdtf/ae9xPSMk=":{"valueMac":{"type":"Buffer","data":"T7cvTlyARRj3icOt8WyhIzIPXOWzbQ/JMEkceTrX4xc="}},"yYTYqjFAbu+Zei5M7L1/WhezukEACaU8gfneCPTm89I=":{"valueMac":{"type":"Buffer","data":"G+ALS8te7/lH7A4uUrG53LvFJXq7BFY56QDcJxSkZww="}},"ykozXQM8o2/F5EmK4qGx9oc+4GVUw1xLU91MDqCL16Y=":{"valueMac":{"type":"Buffer","data":"J+LbOnMuPfFBdPrLCYGMzX00BB61XvFvPvIBihrNasA="}},"yptxxbNqXbxtGXjBmyU4N/mxQANK8s/HPUh3IZpqYkU=":{"valueMac":{"type":"Buffer","data":"mDLlsC7ZU+NIzo389eMfTk9w5KzP9KRVPueAzpJal7I="}},"y67bZsYv0wplcQ9J6682mUGn6dmH4Efv8B8YcMUo+yk=":{"valueMac":{"type":"Buffer","data":"o2SlDZxt+5GrLSbMdU074XIw7qSy1ySf2Ua8ibWqb2Y="}},"zD9sIzY+zLm+qAdRfqLLpZFABFOUL56YA8B6Dd1kXW0=":{"valueMac":{"type":"Buffer","data":"CA2Q0Qqwj7xjEETfobcczTmmlu+BiFvM139kN6iOwAA="}},"zdZ20RCHiy/CkvOsdMpICfDHWwDQHkuj4wFtacEJrFU=":{"valueMac":{"type":"Buffer","data":"M5wrbH75wvjlkl6azFcONZRl2DZPltZ60DooPT4DyVA="}},"zhKxAO4v9rhJmHPVWYKPa/AuL9Xwt46/pyo1nDLSa88=":{"valueMac":{"type":"Buffer","data":"iOY6Moq0nZZma07MnhEZEwHINljyO5bUDvDB7IaKUMU="}},"zjJRiybpRPlhwK0rgXWJm8JZzgCRg4mUwtMV9+atUBw=":{"valueMac":{"type":"Buffer","data":"NkbuYYIxDKR585unvt5HldQ6IwRrH9JtyAG4zqdTHqs="}},"zqYSKP4feJ2x/15iLG038W0N7Ng0f6LCV9AKDKYKAoI=":{"valueMac":{"type":"Buffer","data":"ST/TO+qGN5E3d8nRL5KOA9JdmK170Tq/+aPSt4Jswxw="}},"zrt4nAhhGaefnPi3LD2BR6OU+w7GOMRbOl72Zpot58k=":{"valueMac":{"type":"Buffer","data":"rs7xv1OyoxdWv29xmYaxEJ1ALQLrO5TEEWdSGIGIZmQ="}},"z2xmzVq3n01tMbJ94bdqYDmFVMF8fM0gg6RR36D2tCw=":{"valueMac":{"type":"Buffer","data":"SrMxLS7ZT/3ly0wF+ItK0AijmBJMgxd71pok+mPPhuQ="}},"0cVKA7Dhfj2HsfVtOMxAAFtt0+qkGqJkoF7KNpkYQKw=":{"valueMac":{"type":"Buffer","data":"CV7ps6LbOJHnNBTLNFjcvLScjmAK0oL+2tsekTn/reo="}},"0dlf8ijRsE0rIBBz+nrbXh2bYDp9K5KA+FQWvPD6ERw=":{"valueMac":{"type":"Buffer","data":"7kaeo8ulkGww7K/fBsemYqV8Q4zBtqZqJt3SSTbzu10="}},"0eT/Cg+u1om1nV2uqx2IZMpj95QyJpmJ04o7hPITOYc=":{"valueMac":{"type":"Buffer","data":"FcXTcoG8aaHmXOHuDdu4PDW+q2wPjvKWHMZmqFavY2I="}},"0kZ38fGrOzK+wDLhrjp2R0QrTcYINEVk2smsy9g6fQ8=":{"valueMac":{"type":"Buffer","data":"REAfxXqZSGNRfmj0SD8O9ldQfMeMD1wiUk1AJZ1D//8="}},"0s3+1K2pzn/4FUf3jDQU2YTbSGmJI5rIfAQBpXv/Uhw=":{"valueMac":{"type":"Buffer","data":"pDmI4pFxrXPaaV5WwDEPv5XTokuiYan20XIILeu8N+g="}},"0tOdQUazGOIuYkSqdtdQo4wbMmteiLcTk3NBv441Lo4=":{"valueMac":{"type":"Buffer","data":"RkT1PdKx1x5P7uRL/AE0AJM0xO5wPOE/DNMt9DYTbWE="}},"1HIDKWaBR2A+NqxQBjnUuXRluDaLp98f49RMeKc6ozE=":{"valueMac":{"type":"Buffer","data":"UKN11gFeuezU9SSkoO8xdnstnIUDzjnKXMze1bp7jJc="}},"1LP5qkT7yRSg1bxk6fAPpFEo2Vom4gbMXTmVTs2SV+w=":{"valueMac":{"type":"Buffer","data":"CMYjnPPhAFdiZsx3MAoJD86A/Xo0ZEL7jCOeE9PwkgE="}},"1QwejpMPov7WiZOeufgplqweABkNghh45ZW3NuSYKxc=":{"valueMac":{"type":"Buffer","data":"nqVVm/CN/xZtGwLtKWo28ziXb10Z2et6ouCr3qW1TyQ="}},"1pUmsPJKoIWmcWzf5KBQxVXmJKI06wAbRy68/AD+p5I=":{"valueMac":{"type":"Buffer","data":"1fxIAafPFpq2PGORULkYm7E5Nkj4mhz4Kwtsg/QJloc="}},"1sKozDXdmWYs5LLLWC4w/vHtP8F3B1qevDJhuhI6Y/w=":{"valueMac":{"type":"Buffer","data":"Kwu7SYWl+dTwY2DlyPk7oVnFioReWGRceSl/IHZ9NxE="}},"16p6v84aIbR/yshgkGmcU3q6w3BoWwaIudSbO7vj6FQ=":{"valueMac":{"type":"Buffer","data":"Z6+/iSi/RxzSi/s/PaGApw8/9XkeVh8vImmAR1gML8E="}},"2Iw9GxGXYvYZ7fVqtAFc0JvsJ55bhXkAA9GsVmtoP6I=":{"valueMac":{"type":"Buffer","data":"szxyT1z8+//SEj9CGFR5cnzCrVQj1dceyi0gmvDhXYo="}},"2OOaNUHVnJzAaQFi+D7p1/GmHDD9KTO1mL+Gq2o9JR0=":{"valueMac":{"type":"Buffer","data":"DECjfdjpo+fRUtoc8Yvkh0RcR5l8/Jgzi6iiy2RKfbM="}},"2cToLJMQcMqmgTatfXJ3JxiGOIDyRD7+x4l+RtHaBPQ=":{"valueMac":{"type":"Buffer","data":"h6s2hMMfw/ND93gk6GHEEUq7eJte7JhdRQ3Ti9OYBWU="}},"2eGbXQ2BUWW2qCV/C4aJJIe8unaI2BjBOSdzMH3OFjQ=":{"valueMac":{"type":"Buffer","data":"XI7ZQL2JU2HczqoYqLTWmGntNC5znacW5RgMDW7YL+Q="}},"2xM0KxAz8uX9MVaSX9Lmfq1PV9vG/v+YH2JTOV0QM4M=":{"valueMac":{"type":"Buffer","data":"jl5V5IP/q99U1lfbprFgDcKDGeMlPooDbk8RyF9tBgM="}},"27EzyaXp/1Hx5HtLRa9I65L+5LneWEC3Ghz6rrYVwAo=":{"valueMac":{"type":"Buffer","data":"l0RDUzqnQskwLRf5Lfj0hC1Sy/PIvEV3JhOGTcNthhc="}},"29m43CZncxqN+Q8iHlmpeiTNwfITCtr77te9Yoj5GyM=":{"valueMac":{"type":"Buffer","data":"1R89jPcmyW80nKMkty1nL9LVVq4SrNoIagpuYyBVlL4="}},"3U0tu6InxY3PNk3xbsNBaNosd5f1PvXjK65Kk5RNwwc=":{"valueMac":{"type":"Buffer","data":"XjZ/kJfuRtveq4xv58qOcwNvSdNyblNxr3AaDMwzpqU="}},"3e7Fz/P3OcYCZbsyplQdR1Nd55wZy03z1fk1J8tM84Q=":{"valueMac":{"type":"Buffer","data":"eDdg2iHGYvdNzNZkkWOzKOkXnGNRHKlKbE9RxRHA91A="}},"35LrZ410LrZbVkq1vW61Q37r+5Fxt9x1wXA/Z2NUA6E=":{"valueMac":{"type":"Buffer","data":"Z4zMysuC8kCCuJO134UTHoEOcNfZH/r/e9IMrAf6QVo="}},"37o9a7VVILeUu6r48nMBCe6BuzM9+kTgNIw07Ppb4vk=":{"valueMac":{"type":"Buffer","data":"T7Xz4JVkJVOpZJccuV69Bmwut/yTN4JwGTkFC6yBC2k="}},"39BynM382egd/QywmfXLNgI2QTiHuFzyAf1aLQI6FaY=":{"valueMac":{"type":"Buffer","data":"NK6Muslzejh2cSL5EacwekAga0j0whVNfJvMMGqb/HE="}},"4VKr76TcnIH8zrXTo+iFFWLm9gK1emNXSNLVoGXpCEI=":{"valueMac":{"type":"Buffer","data":"UPVjwl0SagEeJ34uh07HisOyaI9svn924AK75eSgB8Q="}},"4qgCifqFzcMFnzpTOXsqy7QYKhoJ4uOw4EV8TKPvfdg=":{"valueMac":{"type":"Buffer","data":"LDRuhzughGkev0OW7aRGpMFq10lvPsAI6PgP1xrxRX8="}},"4vndoiU9AhpaQgzFFo5ZWAU8CdG8pb750s2KDMY8zJ4=":{"valueMac":{"type":"Buffer","data":"eD19YjXz8mlI5HJISUzvNn3seWlovDPFfLzcW1TnvMc="}},"5OAYXTat4lSkzzKb9NVEJDR6bNrefrX10iGOQfLZHaw=":{"valueMac":{"type":"Buffer","data":"gRtO9/JCYwyZNPeFQoYTuCQL7wtPOcqKMykYXWO2JxA="}},"5Usvy0WudSRQrdNV3K91RjF1mSrdCxK/t19B4KzPxdk=":{"valueMac":{"type":"Buffer","data":"Vj7G66FbzdcT9DHGeWlZpYlnYXWBNzHbdScOE/mwKIk="}},"5ipPMA7UCErrUqgao/Q6zS4lCbFH3pb1LXWLXow5WYw=":{"valueMac":{"type":"Buffer","data":"2w6gIu3qjmeIk7FhkRKzObPv1UVIXRENr3QYNoYCHCc="}},"5kcJYkTX+Sx7rVhEdKe4o3hpeWgm8XE36DGKTrh4IF4=":{"valueMac":{"type":"Buffer","data":"MA4l8C0RdmUzMGs9HSGugcyNko64EoImSpes0wGhqvc="}},"50Ok5AYwW49ehr7BstfQRnpoG77j5+/Xg8PBN/7FyAw=":{"valueMac":{"type":"Buffer","data":"vt49K8QPSwNOouQEVOKbLaVW2YUXOwpUiVxtHDn3fCI="}},"59mUnsVL8c4gb0VOL/iTQPiELfecjIQbUtOZmJejAoQ=":{"valueMac":{"type":"Buffer","data":"yuIVUc7lBsabO3qN1j2bfi1fveYHvKd6D98mb8s1SUc="}},"6A+v3CHHMZllD+IeRhd8gzque1rCAwJ/trIOAGuknf4=":{"valueMac":{"type":"Buffer","data":"WXkv+XKHJV9pi9T+jQodGHKvdqsfAMespOaa5o92420="}},"6FEo6kO933a3iTpqsvQ8UUE1B47zHf7zBI12JzPSFHE=":{"valueMac":{"type":"Buffer","data":"4Ln2xOSVVv/Yztmk43Ab4nw2Vu3+YKN2szrIl+lEtvY="}},"63mxkQ3rEsrPw9R1MA4jF0NH9h0I3H5YquMkRG85aFk=":{"valueMac":{"type":"Buffer","data":"7VSO2RRVEsEJJDUlRuk+XPRCowAPJHNNAthgsyBdweY="}},"65Kdf75+wZBgPAXAkE9qrgkikeF+vpwpA/bd0xip8ps=":{"valueMac":{"type":"Buffer","data":"uJK2GwFOONG39+Lg13heNRfMwQ1UZP7qV42MWLSyQvE="}},"7CpsNwY3XRviTc+KKys+amvGFST9hVzFb7fepPX8Jp8=":{"valueMac":{"type":"Buffer","data":"P5bkP2rByO7IDEUU0saPUjKD9natFDa+o6NZuG05Xfc="}},"7KDp0wYGM7u+rprEbGf6/m+ftMA4e/uH4KjyD/ElqHQ=":{"valueMac":{"type":"Buffer","data":"/KdnnLsp2ZivkFU8s6Vowu4RtLCxU29pdhnzXRB11ww="}},"7OoscpruwJ6n/a2tEEArkh07wEl1q5rd0fdKpONxTrU=":{"valueMac":{"type":"Buffer","data":"dqN2XrGXaNul0+nN1tnpIBUJ+tJaQsmlTLn2O9vhv8I="}},"7PuYkRtA3Qeeea1Lnz6Iqastjk7wvchDoIabzwTztPE=":{"valueMac":{"type":"Buffer","data":"u+INtm8p/ABVoF6VKTTGoFxJk04EZUxBVas70YZQQHc="}},"7drw3Mf06cyBDgD2fnepBfYqVBMrwNeL6tbCtdA577E=":{"valueMac":{"type":"Buffer","data":"lJTTmQJP/4SwvfhXZJFmj/FmUotB/JzVf9Zzvx77CLA="}},"7ex+jcU8BOh4Xhb/jpaRrq73WeWgcf0e/HMFZ5ZrffU=":{"valueMac":{"type":"Buffer","data":"jSMwfZZ/eN7dwuxAPckKo18UUOQ//8YXPvLproLpQrg="}},"7qPcCTIbMLl4gvuBI1S84EE2jZwndERusm1YKkI542Q=":{"valueMac":{"type":"Buffer","data":"wDgMvgrOpnSnlp5zAE+aubpOIjLY8bbSI9tsEuChsNQ="}},"75POgm86oFvp48vqMD67GS4xbgeM0ljDwXBeJe8rYfs=":{"valueMac":{"type":"Buffer","data":"CxFXCOpX9n7JqcNC6Me1cij+iEeJP5Ixyjqr5dVjfdM="}},"76n+VtLmUvX+DInPlpQCI9J7Lhs67mYnbqi2jsiiU/w=":{"valueMac":{"type":"Buffer","data":"ZjcldDp7yM8URQMl/bIi3ZVbv2mZP4+IWmYHtCFUUWY="}},"79ykU9YqlkBSYiAfigGzYj3AfNJiP/+uARnAZGuV9LQ=":{"valueMac":{"type":"Buffer","data":"fbI9Sok3oh62nO8knGHQUbWnyF4rJ1GAlL4Exb/DYGA="}},"8Dllc8vw2BkoJxeI20X6JLt2Y/VKuZn6/sx/mm+lBgk=":{"valueMac":{"type":"Buffer","data":"1I3IwnkVALcAcqhX64umom5CB61EYntXPgUSxQ1haN8="}},"8Fz0MVK1uAsJgkwrM8NqqhfQpu3x0vPi+qJ8vACzZV0=":{"valueMac":{"type":"Buffer","data":"ze8ORb3TGfeIqvLwaNMRsm/cZjsHpjyMN8x5xg8dwno="}},"8Jy6rDn9UTfO+jp7I630JQq6eYKIdc5xodbQ0lscH5M=":{"valueMac":{"type":"Buffer","data":"w+dRCkF2pTINlZfIHqYK+nRrdQIi6bAh50+DnTWk+Ks="}},"8Sfduqwgnso3oFU7o/g6IEZjO3L6rh6x9ZWNsjMquV8=":{"valueMac":{"type":"Buffer","data":"D+G5YnD7DlDLg77tkR8vymoVThidHZDEyfxFd1iQi48="}},"8y8m79JRNhfirMmR7RFWRLE/9R2FcOpGeDIUJyIE7n0=":{"valueMac":{"type":"Buffer","data":"zasQ6kw1M5/y3wq2PUufVpBVkDFp4gaGEdH9VlNXBig="}},"9MIt1eILqBsmqn6n4+DJ3D3jZrMiSWrnayFmFpfrfqw=":{"valueMac":{"type":"Buffer","data":"2xyZoUYvBRG2F6PyzdqncUQkpL7NXnj6l/aT9ljQSlQ="}},"9TXmZrqkPUhqp5sbebUSyov05ljImU8rjjx9JlsBAvM=":{"valueMac":{"type":"Buffer","data":"awfbT2QyJVpf8UY817GVU1iKnCc3InQoSCbfeNzSXm0="}},"9dpeyemkQPf6pZQ0LGOvwKNitIYp+Rq81a7MN+UG1O0=":{"valueMac":{"type":"Buffer","data":"O1L/cp7ompAJPa5s1uPIwjixiYynqpWkKEpFY2BHyhw="}},"9d+kUtwFUci/xS5KLlI8jB+rkB+MbbllS9bGG4RBt8Y=":{"valueMac":{"type":"Buffer","data":"KdevcCkplqvrH+LSJPmqKRi4ebTwG/7gReBF0SZQAvU="}},"9rbCnTx6n5tVXL9DUh8QQTyqaE3I8nLSAJ4k+Mpm2w4=":{"valueMac":{"type":"Buffer","data":"MDK64IXO6ZRoCeE1jkTmyGtczvK5LzunW4HQzAn1XBI="}},"9yTEQ9NKf2FLnH9owKPWx2p4Qc0sSQWvjUxs34dNX4Y=":{"valueMac":{"type":"Buffer","data":"772FoV1yzR1p6DtW6cxzRQFEvcXaMfQGlJNbjQx/oAc="}},"92gSwmgt1x9aSUa48OjiG8D8kbu/y9/gJ9Ml8848HN0=":{"valueMac":{"type":"Buffer","data":"oo/9AKRML/WcVNyCQFPCJBSUG0869b/euoWkvFRcZaY="}},"9/GM09QhGTPjax/bB1v8nRr9BeCx5dsETCjMyBtxal4=":{"valueMac":{"type":"Buffer","data":"j4kJLm6MQuqkErdvvRJnAH4a7uwcCBOrkEOs6rCAobw="}},"+xsUd6kUUnaz3dHxIg/QcAvKt6YMQ0k+Yzwd+NmufN8=":{"valueMac":{"type":"Buffer","data":"tdvNT08wVXGTQyvICerzhBrZW+LsvtChqR6FmzZCyW8="}},"+3+1KzY+LlQPQHzIKdt8TGgwA2GSQY9kISbKJKbmtAw=":{"valueMac":{"type":"Buffer","data":"pGKqiygyChomZ6gbbMBq175hl3M/LXvnHiDBJE43WQY="}},"+76OPyDixGjQG4iZeUM8w86fqJyV6r/GlCiihbgB6EI=":{"valueMac":{"type":"Buffer","data":"CjA7ivJ7hVph1V3i8mCK/9tirZQwDyMKUsJOsLt8z3w="}},"/R+dF9cncjHIrr5W5SpXMAJ2R2bI3S0pVowZR3Gs3JI=":{"valueMac":{"type":"Buffer","data":"KfaQVqX8S6p4ZNWCP21deN4TOztjdfFI39TgFBle00w="}},"/xUtnviCwe5zZVSOHs37VRYSIqoNyTg7R8rWDsTW59I=":{"valueMac":{"type":"Buffer","data":"7K0Hdcxc2yTr7aMVIhIYFyPe6WPgySYkatSejWBPf9o="}},"//4eUg02g7WZjWo08XUxPBe5BQ6r6bw3uDu+2J7P+w8=":{"valueMac":{"type":"Buffer","data":"xtZRp/ol2Yy2nG5z5cbxik/q1m25nVCOfrtURlx2C5c="}}}}