{"noiseKey":{"private":{"type":"Buffer","data":"wGy9cGV3uL95Nre5ciQ/3We8c4naulWkLIMGpOLrWkU="},"public":{"type":"Buffer","data":"S8SdsPXAIvBJafMspNwsmyjPaysRLyorpf2WbACAcws="}},"signedIdentityKey":{"private":{"type":"Buffer","data":"wJBC+T5gygHtwnRHNObMNtiH3cfyS8iKemhrQAogD3Y="},"public":{"type":"Buffer","data":"SpGwhUGFvdTCnNOuwm0YGZWMCfIRWV3oQpqzwK+HVi4="}},"signedPreKey":{"keyPair":{"private":{"type":"Buffer","data":"aIZHB8VCqCmfvrvyGniUhn+ZToJFNXDcNlMyO4j/0UM="},"public":{"type":"Buffer","data":"T36L+mY61D3PCnOnUSf4eZgHsEdML+7yEVsz11Ibtno="}},"signature":{"type":"Buffer","data":"U69mRWjquz3tq1emRbRvWKZhePDDWvvQxE1Rc8cteDjYpX8hd9SC+doGccna21Up5KTaOTasVtgJEeHgEbWlgw=="},"keyId":1},"registrationId":241,"advSecretKey":"8oEtxQydCTIHOwv0rm77zQOQZzX1G44HNXnDVoN86EM=","processedHistoryMessages":[],"nextPreKeyId":31,"firstUnuploadedPreKeyId":31,"accountSyncCounter":0,"accountSettings":{"unarchiveChats":false},"account":{"details":"CMrNndIDEImhl50GGAE=","accountSignatureKey":"Im0Et6ROANrLqo7jZwyD0chtIUWJi7/tsWAmj43aNnQ=","accountSignature":"veiV5oNHn7Bk8P5MGW7sVFimvEKxANoX0zpziDs1kZU1PcxuS4aM6V9zPKDYJvwTpKcfpTkzRnZUA/Itv6BBDQ==","deviceSignature":"wiRdX3hxj5txb9n6B495+QoJJcdp5TQYa21XY+5TGDyaWWg9r0G5miHGYV3c2hBvEThCLDyPFKfxKCFEC2PBhw=="},"me":{"id":"6283869803330:41@s.whatsapp.net","name":"k501"},"signalIdentities":[{"identifier":{"name":"6283869803330:41@s.whatsapp.net","deviceId":0},"identifierKey":{"type":"Buffer","data":"BSJtBLekTgDay6qO42cMg9HIbSFFiYu/7bFgJo+N2jZ0"}}],"platform":"android","lastAccountSyncTimestamp":1671811214,"myAppStateKeyId":"AAAAAIiZ"}