{"noiseKey":{"private":{"type":"Buffer","data":"yEC0XiIdJDfcCbPydSEzH5S6iQpD9ABjfUl6+mdSW3s="},"public":{"type":"Buffer","data":"HgPRBLO7swHVJu0CigSE5AYPu/1L3tOhOo+6UwF4aEg="}},"signedIdentityKey":{"private":{"type":"Buffer","data":"gG5BqP1Ns9ka33JTWpxceugbQHEsjpc9xmWr/JQj8mU="},"public":{"type":"Buffer","data":"G9jUgyclAzIsmGyBlM9E8/piNhS61+EnNhJbwwkpAFs="}},"signedPreKey":{"keyPair":{"private":{"type":"Buffer","data":"+MujhMhi7+RjMAe0Ye++5ZVjvF6v8qSkupNnQsU0NGo="},"public":{"type":"Buffer","data":"vAgk9Nwagkugyi5cI2v8fJwbRch3LDgWuljD6OI0qTo="}},"signature":{"type":"Buffer","data":"HQwf+x/vrP7AEzxqtdbG19bc7DY+HZThIRdzOVsORiiCUQ8U+eRJfdc2WBz6tb2m0Keixhtf7hfh8n9CjUngjg=="},"keyId":1},"registrationId":85,"advSecretKey":"rVZmGgpA66N7HSzS1WyZHL45MLk3Uwxc6yfSe2UbU1M=","processedHistoryMessages":[{"key":{"remoteJid":"6283869803330@s.whatsapp.net","fromMe":true,"id":"979DFEC1C0053B55424D232891EBE081"},"messageTimestamp":1673625983},{"key":{"remoteJid":"6283869803330@s.whatsapp.net","fromMe":true,"id":"2D245E4B26E894526C785D32934A3269"},"messageTimestamp":1673625984}],"nextPreKeyId":31,"firstUnuploadedPreKeyId":31,"accountSyncCounter":1,"accountSettings":{"unarchiveChats":false},"account":{"details":"CJfjiKsGELuChp4GGAI=","accountSignatureKey":"savwWbO4YMhNNDOysuVY7mtKqE/RFV9KcRI21JuezDM=","accountSignature":"ScRt4OwxeGf1Yf1x7kTKWq4R5biKGJkMhdtVQ/N9DZHGTGBcpGeParvlTHMNIWTvE21IILw3/kCUdcVojAOSCQ==","deviceSignature":"AKI7Muah+7fl1vrShoDJo5xG4UOzLX15vKo/7+VYlaQPPIXvJy3LmaT9KHdrAdKVUAQdlZuPGe5kN1fykHxNiQ=="},"me":{"id":"6283869803330:47@s.whatsapp.net","name":"Cipa Lifana"},"signalIdentities":[{"identifier":{"name":"6283869803330:47@s.whatsapp.net","deviceId":0},"identifierKey":{"type":"Buffer","data":"BbGr8FmzuGDITTQzsrLlWO5rSqhP0RVfSnESNtSbnswz"}}],"platform":"android","lastAccountSyncTimestamp":1673625917,"myAppStateKeyId":"AAAAAJvj"}