{"_sessions":{"BYz5GIRrgwEGrnFUpzZe7Fi+yjisMWjtwCWuTomZxn4A":{"registrationId":455869087,"currentRatchet":{"ephemeralKeyPair":{"pubKey":"Bbo9YNXf6y9VpguAyRne1oLT1kLX9obUdAW1oFFwy0Q9","privKey":"0L3WjAS0VBlhGDsCDPdh65eVLLAKwhyCF/DXt03uD0g="},"lastRemoteEphemeralKey":"Bb52zf8Gvo1zDkiSy02poG/Bt6qE7tapGCnFwjB2TPJw","previousCounter":0,"rootKey":"JW3KHughX0ruutnYeNMEEFxu+JT475ugfknsRqbwpsU="},"indexInfo":{"baseKey":"BYz5GIRrgwEGrnFUpzZe7Fi+yjisMWjtwCWuTomZxn4A","baseKeyType":2,"closed":-1,"used":1671811245442,"created":1671811245442,"remoteIdentityKey":"BVlTJQypNsn4iq1jWODS8kdG1imaY7WQ5SmC1pEJ33AS"},"_chains":{"Bb52zf8Gvo1zDkiSy02poG/Bt6qE7tapGCnFwjB2TPJw":{"chainKey":{"counter":0,"key":"vleuKPMBl89z9LSzsU7uFvvcGQXpDtSJRlUcDbQQZtw="},"chainType":2,"messageKeys":{}},"Bbo9YNXf6y9VpguAyRne1oLT1kLX9obUdAW1oFFwy0Q9":{"chainKey":{"counter":-1,"key":"cOFfXDxhZg2NRP1kwKW2C0bzza62fCK3JTl08Hs+7go="},"chainType":1,"messageKeys":{}}}}},"version":"v1"}