{"_sessions":{"BR/3mPGwu1sQ0/vc4LIFXtlAtYjxxuUDOYWWCAt+6jV3":{"registrationId":412266746,"currentRatchet":{"ephemeralKeyPair":{"pubKey":"BfNusS1zToWMILWFOZhYs9PkFXoOPazBNd7vFdmzPlMG","privKey":"2HG73mH+OMt4aiQsguFeVQHzBNBMdzBLO3GvSEB1NVw="},"lastRemoteEphemeralKey":"BVSc39FNB3wF4y8AnlIgUyybWnche5lWgoUrgoUcJd5+","previousCounter":0,"rootKey":"voImbCklN7n0j0be139zluIiTvxq+gPh4ke7IF47N+M="},"indexInfo":{"baseKey":"BR/3mPGwu1sQ0/vc4LIFXtlAtYjxxuUDOYWWCAt+6jV3","baseKeyType":2,"closed":-1,"used":1673625929111,"created":1673625929111,"remoteIdentityKey":"BfKd0lHHI36+i4wZ9IHyjBw9WCodoquJdQyqBWK37a1o"},"_chains":{"BVSc39FNB3wF4y8AnlIgUyybWnche5lWgoUrgoUcJd5+":{"chainKey":{"counter":0,"key":"dvQCjycS37jmKSulTCwoBkUmB/pibmwyx8uXemXH3jM="},"chainType":2,"messageKeys":{}},"BfNusS1zToWMILWFOZhYs9PkFXoOPazBNd7vFdmzPlMG":{"chainKey":{"counter":-1,"key":"GPYdMTF0DvB7NDQ+9XW0NbXF4D3pQRsN6k2N9JYh4O0="},"chainType":1,"messageKeys":{}}}}},"version":"v1"}