{"_sessions":{"BWoynLHgQxhWeHxBP+t1Ni/W3s5YGrE6qQp5PZ79r3k6":{"registrationId":1760782668,"currentRatchet":{"ephemeralKeyPair":{"pubKey":"BeeOEAUkoogQy6sc64TxfIRsaNfj0WShAjFlHKp2vapp","privKey":"YF2Pg3jKc3xkybJlJq59IqXxkRCDLVUsSzxNu+dhck0="},"lastRemoteEphemeralKey":"BX1RAKKz/91845TdI4YV98aG5r2ZOUh3TTXPYnFqa4Jf","previousCounter":0,"rootKey":"vFXwTMW7Y45ji7J/hGRnTy7gB6RBad/Jpr57DZuu5OY="},"indexInfo":{"baseKey":"BWoynLHgQxhWeHxBP+t1Ni/W3s5YGrE6qQp5PZ79r3k6","baseKeyType":2,"closed":-1,"used":1671811221069,"created":1671811221069,"remoteIdentityKey":"BVCm0t+/bVKqvG7ZgBz7//o3z8cA0nDYTQj931kCCxR8"},"_chains":{"BX1RAKKz/91845TdI4YV98aG5r2ZOUh3TTXPYnFqa4Jf":{"chainKey":{"counter":0,"key":"+9mQnw0vbW+8c0DBXUO3Z1A3vE40s4ckBUO3gc8vTu4="},"chainType":2,"messageKeys":{}},"BeeOEAUkoogQy6sc64TxfIRsaNfj0WShAjFlHKp2vapp":{"chainKey":{"counter":-1,"key":"0zZUM+6A2hoCu2dqI2CMJBmzQRTTNozqeK4S+onk4sw="},"chainType":1,"messageKeys":{}}}}},"version":"v1"}