{"_sessions":{"BRlNah3ZpXgH269QtX2I92Tl6OAfscQ7NYlCi1AU3J1b":{"registrationId":666127503,"currentRatchet":{"ephemeralKeyPair":{"pubKey":"BYxaqXRIsP3S3un2zlTd+l4oPKg0zXicXKOEpdL+ZKo9","privKey":"MHvgxK2S8xRX8VqTG1ojrSmK3cZ7LR06FZ7xPIZJhHM="},"lastRemoteEphemeralKey":"BTFxSqxdgMwhOXWukxZ029mWYsrJdEog+D16aoB992po","previousCounter":0,"rootKey":"P9VZWECrTpIECFIGGHcuHfKKDUXOOLGh6kjbSan62GI="},"indexInfo":{"baseKey":"BRlNah3ZpXgH269QtX2I92Tl6OAfscQ7NYlCi1AU3J1b","baseKeyType":2,"closed":-1,"used":1671811223265,"created":1671811223265,"remoteIdentityKey":"BSJtBLekTgDay6qO42cMg9HIbSFFiYu/7bFgJo+N2jZ0"},"_chains":{"BTFxSqxdgMwhOXWukxZ029mWYsrJdEog+D16aoB992po":{"chainKey":{"counter":1,"key":"waqr2akBEH8OYefKB9yh178p6SGohTDUmnko5apwCOU="},"chainType":2,"messageKeys":{}},"BYxaqXRIsP3S3un2zlTd+l4oPKg0zXicXKOEpdL+ZKo9":{"chainKey":{"counter":-1,"key":"66PvNqHrfsGK6ZokDmlUSAvM2JlahW8fyUhXNujaOPw="},"chainType":1,"messageKeys":{}}}}},"version":"v1"}