{"_sessions":{"BTf9JfeOqNW5K9eW6d1FKDVxZ/ilVzcES3JJ5FvW8p8/":{"registrationId":2038197847,"currentRatchet":{"ephemeralKeyPair":{"pubKey":"BSXE+uxvXMgITRMZHeBudh2YJ7+bp1TsDgZ/MvdfKd89","privKey":"8P+eOlG1jnGFmufxWXfVX8OrLE7GenlsnOZJ2++FemE="},"lastRemoteEphemeralKey":"BYMXuY4BLeAwWmqo3zXVI5MHF8ylsxCoRRGulRoAGCF2","previousCounter":0,"rootKey":"5JkQlCnoa1Xs587cfrAEVpGRkZtZ/+N0PmBsqz4/1SY="},"indexInfo":{"baseKey":"BTf9JfeOqNW5K9eW6d1FKDVxZ/ilVzcES3JJ5FvW8p8/","baseKeyType":2,"closed":-1,"used":1673625965299,"created":1673625965299,"remoteIdentityKey":"BTgf/0jVClHg/BxKjuY0Xt1F6x5kO/iat8tD1XLdWHRl"},"_chains":{"BYMXuY4BLeAwWmqo3zXVI5MHF8ylsxCoRRGulRoAGCF2":{"chainKey":{"counter":0,"key":"OeyY90f7iMXT8OpTxQykHFITh7hZx33z0gEGdSJQnJY="},"chainType":2,"messageKeys":{}},"BSXE+uxvXMgITRMZHeBudh2YJ7+bp1TsDgZ/MvdfKd89":{"chainKey":{"counter":-1,"key":"V768coKEDYd4+q+BoF6MqNKy3VX2tV+uB4N3LXfyTdU="},"chainType":1,"messageKeys":{}}}}},"version":"v1"}