{"_sessions":{"BTLH72+WqfwwkZrTym01nr8SUJlLTz7641Lq8yMZplJe":{"registrationId":649782532,"currentRatchet":{"ephemeralKeyPair":{"pubKey":"BX4JwZZDq3bKm270vbK/2rLDpm/qlVcvrSIByDUb7xAm","privKey":"aBAx97Q8YKYs+F+74M0Hg8JbFTGD/o0E7zrDWY5wIXg="},"lastRemoteEphemeralKey":"BRuqcdjId8rxWKMV8zt5e+LjRM/AEqpF/IRyNeAWWVVU","previousCounter":0,"rootKey":"qrxw0huMU+dpw270Y6JnSQAyd5+g5FI/YgFNUJnCZrU="},"indexInfo":{"baseKey":"BTLH72+WqfwwkZrTym01nr8SUJlLTz7641Lq8yMZplJe","baseKeyType":2,"closed":-1,"used":1671811231566,"created":1671811231566,"remoteIdentityKey":"BRRrXTnWTZuFBE4KYou1IXK3r6Fbv1f20HazW71wIK0J"},"_chains":{"BRuqcdjId8rxWKMV8zt5e+LjRM/AEqpF/IRyNeAWWVVU":{"chainKey":{"counter":0,"key":"sld6Njsqn7ER7n41WMNBOjK4vfplnJLZNTkZHrtpP0Q="},"chainType":2,"messageKeys":{}},"BX4JwZZDq3bKm270vbK/2rLDpm/qlVcvrSIByDUb7xAm":{"chainKey":{"counter":-1,"key":"Q21rMX2Z8Brt5ChTFewZpSsWIOZYUG6K6IvMufeEFZE="},"chainType":1,"messageKeys":{}}}}},"version":"v1"}