{"_sessions":{"BaciKILuVNHqahZ5EuoYflalqnLY5TZ7t3Ssa59UG0t7":{"registrationId":177,"currentRatchet":{"ephemeralKeyPair":{"pubKey":"BYHeP2bjME0ChksApopsY0yuUACEMKv/0Hallxf84Z9X","privKey":"YB78j20oyFiXOmuOE8J5r088kHDyKjmV0y1OwiuIXF8="},"lastRemoteEphemeralKey":"BYKq4iCeDfj3rBDKb5vcF5jOLrc1KC1cvfy/qlp3tdJh","previousCounter":0,"rootKey":"VwJvbfBEY+j52BclP3duz4YSR7te4xUVlO4z0SZ3uvk="},"indexInfo":{"baseKey":"BaciKILuVNHqahZ5EuoYflalqnLY5TZ7t3Ssa59UG0t7","baseKeyType":2,"closed":-1,"used":1673625945843,"created":1673625945843,"remoteIdentityKey":"BbqJZHft80ipzIhmNx3yojAO2dsJ+ksRyfHox7dEmVQN"},"_chains":{"BYKq4iCeDfj3rBDKb5vcF5jOLrc1KC1cvfy/qlp3tdJh":{"chainKey":{"counter":0,"key":"nOg/P1uwNHuP6XjH9wyuMGHbu9d64gZeao8ISha7GHI="},"chainType":2,"messageKeys":{}},"BYHeP2bjME0ChksApopsY0yuUACEMKv/0Hallxf84Z9X":{"chainKey":{"counter":-1,"key":"cqM68316Ffi6k2GpAnCiFpZtFpAEufY7cpA/fCmTYe0="},"chainType":1,"messageKeys":{}}}}},"version":"v1"}