{"_sessions":{"BVBgFIkS1e2taC/y19lkKcf9Ti5O/19OpRr9PMKtiG1W":{"registrationId":403807783,"currentRatchet":{"ephemeralKeyPair":{"pubKey":"BYJykVnjBsXCJ7iBXTMclgxbAag5cmKQ60NdTH42U/Ui","privKey":"kC+CQOOkDpX/kgn+252NXuZqWqFuw+K4OM1vhRBZnVI="},"lastRemoteEphemeralKey":"BTrurfO+QyLGUq6WJ9ygcvp4rnoOVmnQYZGYU0QKn/gD","previousCounter":0,"rootKey":"n2Qn8LceL+6XTUcitZWQ2ZaTlcLCVWg1Sj3cERsQz68="},"indexInfo":{"baseKey":"BVBgFIkS1e2taC/y19lkKcf9Ti5O/19OpRr9PMKtiG1W","baseKeyType":2,"closed":-1,"used":1673625954955,"created":1673625954955,"remoteIdentityKey":"Bcnsk503W60/fX1Z5OqRWXQerLK+ujyp5TEfQl8RM3BE"},"_chains":{"BTrurfO+QyLGUq6WJ9ygcvp4rnoOVmnQYZGYU0QKn/gD":{"chainKey":{"counter":0,"key":"JKByR3mPXBEOx77lRjkMWm6aDIAv5Z0FNBVKZi56W3g="},"chainType":2,"messageKeys":{}},"BYJykVnjBsXCJ7iBXTMclgxbAag5cmKQ60NdTH42U/Ui":{"chainKey":{"counter":-1,"key":"n7VZq5AuOYfrjpJAuUmqeGmOiJYDLTcztb2NqXVhOlI="},"chainType":1,"messageKeys":{}}}}},"version":"v1"}