{"_sessions":{"BY6O5QSvMCPQ6ozWmkxtGzMvU2FgPwdBVWhtSyFQ3eRK":{"registrationId":248,"currentRatchet":{"ephemeralKeyPair":{"pubKey":"BSg4BxsR3sY8/eEtAphFAbMaM+GHuV3d8m5Q4Lxpkxge","privKey":"8B1N5oTfB57BWQ2oDsK8NNoh1gJ2Uvjta0rWtqjkcGg="},"lastRemoteEphemeralKey":"BcdyP2COt6jPjxifMKpqMcwxJ1zx+P9crzuNjKOZ7t9q","previousCounter":0,"rootKey":"lEX1Cg59ZXybY0BdwWv6vxeIqsOOvZT5CYqYBjVnVWo="},"indexInfo":{"baseKey":"BY6O5QSvMCPQ6ozWmkxtGzMvU2FgPwdBVWhtSyFQ3eRK","baseKeyType":2,"closed":-1,"used":1673625967279,"created":1673625967279,"remoteIdentityKey":"BYXwg1f6LJuXsDXNYb268fRhQdV0KKiConOoiAHY/pVX"},"_chains":{"BcdyP2COt6jPjxifMKpqMcwxJ1zx+P9crzuNjKOZ7t9q":{"chainKey":{"counter":0,"key":"bolyuK9HPmBOfyGtYHYIXE0f9rC4HfMeOHbjvNemNcI="},"chainType":2,"messageKeys":{}},"BSg4BxsR3sY8/eEtAphFAbMaM+GHuV3d8m5Q4Lxpkxge":{"chainKey":{"counter":-1,"key":"4O6Tm4avRupA3/qJqU7jOnRkox6DK/THFdLWANfKvQk="},"chainType":1,"messageKeys":{}}}}},"version":"v1"}