{"_sessions":{"Bcty7YiKeAwJZ5tTbM7talzvE32z5fQEWNp+wDyN659c":{"registrationId":231277673,"currentRatchet":{"ephemeralKeyPair":{"pubKey":"BTDQPZsAtHjMLwKfI94Uuzglqd0dpm4UVju8VzazFn96","privKey":"wErMG6Oze0mxtvqKNx9T99ms1gVxco8oDXo4Rh/cPno="},"lastRemoteEphemeralKey":"BSXa+MK9kWS2LL2hgPi1h+tkSeeisuu/WeAY5w0E3CBf","previousCounter":0,"rootKey":"3P8awK3m0sXsNruEn8GQHPNHFY04VSMSX71G0ZbrcCE="},"indexInfo":{"baseKey":"Bcty7YiKeAwJZ5tTbM7talzvE32z5fQEWNp+wDyN659c","baseKeyType":2,"closed":-1,"used":1673625920613,"created":1673625920613,"remoteIdentityKey":"Bbfy9Oi0ihuwWYFQx5Lzt8X1JB2C2pyS42uOsCpmvb4U"},"_chains":{"BSXa+MK9kWS2LL2hgPi1h+tkSeeisuu/WeAY5w0E3CBf":{"chainKey":{"counter":1,"key":"uI/xn6haHlvszyS4KVo6cXTMMbnGIx09LP/oEHjAgY0="},"chainType":2,"messageKeys":{}},"BTDQPZsAtHjMLwKfI94Uuzglqd0dpm4UVju8VzazFn96":{"chainKey":{"counter":-1,"key":"ti64ryYnZnE4VT3vh/PMun4JLFqS5efw9iPREVZsxPA="},"chainType":1,"messageKeys":{}}}}},"version":"v1"}