{"_sessions":{"BfPcoCLJ2nu0sFA6amqoS6eGyeOAOWfzcNLxP5lHRhda":{"registrationId":161,"currentRatchet":{"ephemeralKeyPair":{"pubKey":"BbZZLkOLGcx77IKTjiz621MzV23e9w42v9Ai2i595oMz","privKey":"aOr6OcY9hG0rh+KEhacgm4zlgWhYg5IWfwMYxkJkx00="},"lastRemoteEphemeralKey":"BeqtBXDfQMaaPqk1NJRcH5WhmMvFJaWVh6AESxdhW3II","previousCounter":0,"rootKey":"wCtx9t8MVXOKRBU7eRXsfkNMHNm3+zgviJAmYDQpuwY="},"indexInfo":{"baseKey":"BfPcoCLJ2nu0sFA6amqoS6eGyeOAOWfzcNLxP5lHRhda","baseKeyType":2,"closed":-1,"used":1671811218530,"created":1671811218530,"remoteIdentityKey":"BSSsrzSe9Snjm3YAbWXtimCUStiwcC2jJDOLZj+81pFL"},"_chains":{"BeqtBXDfQMaaPqk1NJRcH5WhmMvFJaWVh6AESxdhW3II":{"chainKey":{"counter":0,"key":"8AQWriiTYg+COImoi5uzHvMyHlVFU3eqjPEAfKijOM8="},"chainType":2,"messageKeys":{}},"BbZZLkOLGcx77IKTjiz621MzV23e9w42v9Ai2i595oMz":{"chainKey":{"counter":-1,"key":"n8A39XBGnt4yILQPquGkUSVsMVCC6FwO0mJ9etGGjpk="},"chainType":1,"messageKeys":{}}}}},"version":"v1"}