{"_sessions":{"Ba9VGUhJQ5iLmsPJw4GwPOgfxr9CUhFdL0la//T0n4xa":{"registrationId":165,"currentRatchet":{"ephemeralKeyPair":{"pubKey":"BepzV1aV3RDJslxfqb75JFsetFP5GfEUOvOJPS7naP8P","privKey":"iCRAGD1AN5qUqGfqztoL8AOl7sH75aWFUdDehlLgMH8="},"lastRemoteEphemeralKey":"BXJWpyMAtnBSydZSCORjLY5L2KPeHd1QDGeF0tPFkcsa","previousCounter":0,"rootKey":"JkeAaXHQhURALYOvkNzjDzyjC0DFBCFhKqfIzI4u9L0="},"indexInfo":{"baseKey":"Ba9VGUhJQ5iLmsPJw4GwPOgfxr9CUhFdL0la//T0n4xa","baseKeyType":2,"closed":-1,"used":1673625984023,"created":1673625984023,"remoteIdentityKey":"BUrY2TictPhLt7tykMhXIZYFnx/11ZR5cukyJz9sxYMA"},"_chains":{"BXJWpyMAtnBSydZSCORjLY5L2KPeHd1QDGeF0tPFkcsa":{"chainKey":{"counter":0,"key":"DxamiiRXMG2xB5CnjrZsmbiPmFPWSMmLxjrvRiWLCMU="},"chainType":2,"messageKeys":{}},"BepzV1aV3RDJslxfqb75JFsetFP5GfEUOvOJPS7naP8P":{"chainKey":{"counter":-1,"key":"lJNeavg6MZP0wB/izYLnS5MC1BDjvV/lAyUoJlcc+nE="},"chainType":1,"messageKeys":{}}}}},"version":"v1"}