{"_sessions":{"Be+OrZOpxptDVeYu/0TjiIimFdOoFVrbqwx9aQm9Hlkb":{"registrationId":10,"currentRatchet":{"ephemeralKeyPair":{"pubKey":"BeccMQJRlmgNAMOYfDxhtxniJ0UYlaPr+4qSeEsQi+Qr","privKey":"2D4td3iJRNVHs57Hyhex28H4ucUGTU2Z48knOqJ0iE8="},"lastRemoteEphemeralKey":"BSXhYAFvx/qhz3nJhyzgT5i6M3JF8s5LzzBMykfg6TJn","previousCounter":0,"rootKey":"jQn/TbGDxnzYo4sR7Y4BtTyC3Web553guZtNKmVvZRI="},"indexInfo":{"baseKey":"Be+OrZOpxptDVeYu/0TjiIimFdOoFVrbqwx9aQm9Hlkb","baseKeyType":2,"closed":-1,"used":1673625966841,"created":1673625966841,"remoteIdentityKey":"BUfLQLzqUYIK29WHfnUxBpLn81m9idxosiwJB6aLfrkV"},"_chains":{"BSXhYAFvx/qhz3nJhyzgT5i6M3JF8s5LzzBMykfg6TJn":{"chainKey":{"counter":0,"key":"8I257peb9tx4IO8fRlrVMScjV+CXiKaP+AU1u30Rpj4="},"chainType":2,"messageKeys":{}},"BeccMQJRlmgNAMOYfDxhtxniJ0UYlaPr+4qSeEsQi+Qr":{"chainKey":{"counter":-1,"key":"TuTPdE/VKJ87cbkKgINHHEQJc8tdwS8OxpjIQ+Rx6gI="},"chainType":1,"messageKeys":{}}}}},"version":"v1"}