{"_sessions":{"BbfqjoAGzIQQYuPrkoch7p5D9CzbRTv6vCXSfDthB71Q":{"registrationId":385738758,"currentRatchet":{"ephemeralKeyPair":{"pubKey":"BVi1SsJsSfJKsxlFakwrrRXAi6Oz+mfuvmxY6lFWh7Mo","privKey":"kL0si2miZrDLAxPMvrsntiPHYDKgK7mtXXNHEU01b3s="},"lastRemoteEphemeralKey":"BSjbm2S1r3sH/JTZm/SA2oJYQeFcWU3IYwomSegXatZG","previousCounter":0,"rootKey":"1zhv/g/BwixghoKUvGRGl5MlBIK2sbIaJt85hxZrB9Y="},"indexInfo":{"baseKey":"BbfqjoAGzIQQYuPrkoch7p5D9CzbRTv6vCXSfDthB71Q","baseKeyType":2,"closed":-1,"used":1673625920772,"created":1673625920772,"remoteIdentityKey":"BbGr8FmzuGDITTQzsrLlWO5rSqhP0RVfSnESNtSbnswz"},"_chains":{"BSjbm2S1r3sH/JTZm/SA2oJYQeFcWU3IYwomSegXatZG":{"chainKey":{"counter":5,"key":"PHWQFqWQW7fGF/hneSHRWLV/WtVo4VMoJZCCnG1fTpY="},"chainType":2,"messageKeys":{}},"BVi1SsJsSfJKsxlFakwrrRXAi6Oz+mfuvmxY6lFWh7Mo":{"chainKey":{"counter":-1,"key":"YoIkLOX7xSCqsc0R1qxaxwqH4SYG1NKYrRW6bwHizS4="},"chainType":1,"messageKeys":{}}}}},"version":"v1"}