{"_sessions":{"BQdcbYeulkaXBsbLyxjgIOYXLq4oEi4SknLpokQMTgsi":{"registrationId":189,"currentRatchet":{"ephemeralKeyPair":{"pubKey":"BdHTd6ruerpph9omvXWZFq/p+MkOCUp0br4OI8mmVkY8","privKey":"gJSYQWye7MzS56BKv8YeTS3uBJDWZOt6hKfX0SPGWlo="},"lastRemoteEphemeralKey":"BbHxV4yT7bplyrTVw4HvaQsWr0UDn9kP5FcGvmP0lHcy","previousCounter":0,"rootKey":"qbM/KtHjmfJjtr3GxHaBwrX9HwKR+6+AzKffggA4Q1c="},"indexInfo":{"baseKey":"BQdcbYeulkaXBsbLyxjgIOYXLq4oEi4SknLpokQMTgsi","baseKeyType":2,"closed":-1,"used":1671811216338,"created":1671811216338,"remoteIdentityKey":"BTVRrA44vDtzkAsVY6UGC1zwlvi0KXAhNsuvxaKQTsoi"},"_chains":{"BbHxV4yT7bplyrTVw4HvaQsWr0UDn9kP5FcGvmP0lHcy":{"chainKey":{"counter":0,"key":"ugxzUV3RpTJCRV2jJNgu53DzXxxHBZyh/UQWClRXA2A="},"chainType":2,"messageKeys":{}},"BdHTd6ruerpph9omvXWZFq/p+MkOCUp0br4OI8mmVkY8":{"chainKey":{"counter":-1,"key":"wUTq7HBoHFxBk/vwEriQ6RHwBWfQgkpSYQT9w023Lpo="},"chainType":1,"messageKeys":{}}}}},"version":"v1"}